NC_045512	China
MT539158	Bangladesh
MT539159	Bangladesh
MT539160	Bangladesh
MT539161	USA
MT539162	USA
MT539163	USA
MT539164	India
MT539165	India
MT539166	India
MT539167	India
MT539168	India
MT539169	India
MT539170	India
MT539171	India
MT539172	India
MT539173	India
MT539174	India
MT539175	India
MT539176	India
MT407649	China
MT407650	China
MT407651	China
MT407652	China
MT407653	China
MT407654	China
MT407655	China
MT407656	China
MT407657	China
MT407658	China
MT407659	China
MT534285	Czech Republic
MT534303	USA
MT534304	USA
MT534305	USA
MT534306	USA
MT534307	USA
MT534308	USA
MT534309	USA
MT534310	USA
MT534311	USA
MT534312	USA
MT534313	USA
MT534314	USA
MT534315	USA
MT534316	USA
MT534317	USA
MT534318	USA
MT534319	USA
MT534320	USA
MT534321	USA
MT534322	USA
MT534323	USA
MT534324	USA
MT534325	USA
MT534326	USA
MT534327	USA
MT534328	USA
MT534329	USA
MT534330	USA
MT534331	USA
MT534332	USA
MT534333	USA
MT534334	USA
MT534335	USA
MT534336	USA
MT534337	USA
MT534338	USA
MT534339	USA
MT534630	China
MT535472	USA
MT535473	USA
MT535474	USA
MT535475	USA
MT535476	USA
MT535477	USA
MT535478	USA
MT535479	USA
MT535480	USA
MT535481	USA
MT535482	USA
MT535483	USA
MT535484	USA
MT535485	USA
MT535486	USA
MT535487	USA
MT535488	USA
MT535489	USA
MT535490	USA
MT535491	USA
MT535492	USA
MT535493	USA
MT535494	USA
MT535495	USA
MT535496	USA
MT535497	USA
MT535498	USA
MT535499	USA
MT535500	USA
MT535501	USA
MT535502	USA
MT535503	USA
MT535504	USA
MT535505	USA
MT535506	USA
MT535507	USA
MT535508	USA
MT535509	USA
MT536176	USA
MT536177	USA
MT536178	USA
MT536179	USA
MT536180	USA
MT536181	USA
MT536182	USA
MT536183	USA
MT536184	USA
MT536185	USA
MT536186	USA
MT536187	USA
MT536188	USA
MT536189	USA
MT536190	USA
MT536954	USA
MT536955	USA
MT536956	USA
MT536957	USA
MT536958	USA
MT536959	USA
MT536960	USA
MT536961	USA
MT536962	USA
MT536963	USA
MT536964	USA
MT536965	USA
MT536966	USA
MT536967	USA
MT536968	USA
MT536969	USA
MT536970	USA
MT536971	USA
MT536972	USA
MT536973	USA
MT536974	USA
MT536975	USA
MT536976	USA
MT536977	USA
MT525950	Italy
MT527178	Italy
MT527184	Italy
MT528235	Italy
MT528237	Italy
MT528238	Italy
MT528239	Italy
MT528598	USA
MT528599	USA
MT528600	USA
MT528601	USA
MT528602	USA
MT528603	USA
MT528604	USA
MT528605	USA
MT528606	USA
MT528607	USA
MT528608	USA
MT528609	USA
MT528610	USA
MT528611	USA
MT528612	USA
MT528613	USA
MT528614	USA
MT528615	USA
MT528616	USA
MT528617	USA
MT528618	USA
MT528619	USA
MT528620	USA
MT528621	USA
MT528622	USA
MT528623	USA
MT528624	USA
MT528625	USA
MT528626	USA
MT528627	USA
MT528628	USA
MT528629	USA
MT528630	USA
MT528631	USA
MT531537	Italy
MT532435	USA
MT532436	USA
MT532437	USA
MT532438	USA
MT532557	USA
MT533197	USA
MT533198	USA
MT533199	USA
MT533200	USA
MT533201	USA
MT533202	USA
MT533203	USA
MT533204	USA
MT533205	USA
MT533206	USA
MT533207	USA
MT533208	USA
MT533209	USA
MT533210	USA
MT533211	USA
MT533212	USA
MT533213	USA
MT533214	USA
MT533215	USA
MT533216	USA
MT533217	USA
MT533218	USA
MT533219	USA
MT533220	USA
MT533221	USA
MT533222	USA
MT533223	USA
MT533224	USA
MT533225	USA
MT533226	USA
MT533227	USA
MT533228	USA
MT533229	USA
MT533230	USA
MT533231	USA
MT533232	USA
MT533233	USA
MT533234	USA
MT533235	USA
MT533236	USA
MT533237	USA
MT533238	USA
MT506974	USA
MT506975	USA
MT506976	USA
MT506977	USA
MT506978	USA
MT506979	USA
MT506980	USA
MT506981	USA
MT506982	USA
MT506983	USA
MT506984	USA
MT506985	USA
MT506986	USA
MT506987	USA
MT506988	USA
MT506989	USA
MT506990	USA
MT506991	USA
MT506992	USA
MT506993	USA
MT506994	USA
MT506995	USA
MT506996	USA
MT506997	USA
MT506998	USA
MT506999	USA
MT507000	USA
MT507001	USA
MT507002	USA
MT507003	USA
MT507004	USA
MT507005	USA
MT507006	USA
MT507007	USA
MT507008	USA
MT507009	USA
MT507010	USA
MT507011	USA
MT507012	USA
MT507013	USA
MT507014	USA
MT507015	USA
MT507016	USA
MT507017	USA
MT507018	USA
MT507019	USA
MT507020	USA
MT507021	USA
MT507022	USA
MT507023	USA
MT507024	USA
MT507025	USA
MT507026	USA
MT507027	USA
MT507028	USA
MT507029	USA
MT507030	USA
MT507031	USA
MT507032	USA
MT517420	Czech Republic
MT517421	Czech Republic
MT517422	Czech Republic
MT517423	Czech Republic
MT517424	Czech Republic
MT517425	Czech Republic
MT517426	Czech Republic
MT517427	Czech Republic
MT517428	Czech Republic
MT517429	Czech Republic
MT517430	Czech Republic
MT517431	Czech Republic
MT517432	Czech Republic
MT517433	Czech Republic
MT517434	Czech Republic
MT517436	Taiwan
MT517437	Taiwan
MT522852	USA
MT522853	USA
MT522854	USA
MT522855	USA
MT510643	Russia
MT510718	USA
MT510719	USA
MT510720	USA
MT510721	USA
MT510722	USA
MT510723	USA
MT510724	USA
MT510725	USA
MT510726	USA
MT510727	China
MT510728	China
MT510747	Russia
MT510999	Netherlands
MT511066	Poland
MT511067	Poland
MT511068	Poland
MT511069	Poland
MT511070	Poland
MT511071	Poland
MT511072	Poland
MT511073	Poland
MT511074	Poland
MT511075	Poland
MT511076	Poland
MT511077	Poland
MT511078	Poland
MT511079	Poland
MT511080	Poland
MT511081	Poland
MT511082	Poland
MT511673	USA
MT511674	USA
MT511675	USA
MT511676	USA
MT511677	USA
MT511678	USA
MT511679	USA
MT511680	USA
MT511681	USA
MT511682	USA
MT511683	USA
MT511684	USA
MT511685	USA
MT511686	USA
MT511687	USA
MT511688	USA
MT511689	USA
MT511690	USA
MT511691	USA
MT511692	USA
MT511693	USA
MT511694	USA
MT511695	USA
MT511696	USA
MT511697	USA
MT511698	USA
MT511699	USA
MT511700	USA
MT511701	USA
MT512415	USA
MT512416	USA
MT512417	USA
MT512418	USA
MT512419	USA
MT512420	USA
MT512421	USA
MT512422	USA
MT512423	USA
MT512424	USA
MT512425	USA
MT512426	USA
MT512427	USA
MT512428	USA
MT512429	USA
MT512430	USA
MT512431	USA
MT512433	USA
MT512434	USA
MT512435	USA
MT512436	USA
MT512437	USA
MT512438	USA
MT512439	USA
MT512440	USA
MT512441	USA
MT512442	USA
MT512443	USA
MT512444	USA
MT512445	USA
MT512446	USA
MT512447	USA
MT512644	USA
MT512645	USA
MT509958	Bangladesh
MT509959	India
MT509649	India
MT509650	India
MT509651	India
MT509656	India
MT509657	India
MT509658	India
MT509659	India
MT509669	USA
MT509670	USA
MT509671	USA
MT509672	USA
MT509673	USA
MT509674	USA
MT509675	USA
MT509676	USA
MT509677	USA
MT509678	USA
MT509679	USA
MT509680	USA
MT509681	USA
MT509682	USA
MT509683	USA
MT509684	USA
MT509685	USA
MT509686	USA
MT509687	USA
MT509688	USA
MT509689	USA
MT509690	USA
MT509691	USA
MT509692	USA
MT509693	USA
MT509694	USA
MT509695	USA
MT509696	USA
MT509697	USA
MT509698	USA
MT509699	USA
MT509700	USA
MT509701	USA
MT509702	USA
MT509703	USA
MT509704	USA
MT509452	USA
MT509453	USA
MT509454	USA
MT509455	USA
MT509456	USA
MT509457	USA
MT509458	USA
MT509459	USA
MT509460	USA
MT509461	USA
MT509462	USA
MT509463	USA
MT509464	USA
MT509465	USA
MT509466	USA
MT509467	USA
MT509468	USA
MT509469	USA
MT509470	USA
MT509471	USA
MT509472	USA
MT509473	USA
MT509474	USA
MT509475	USA
MT509476	USA
MT509477	USA
MT509478	USA
MT509479	USA
MT509480	USA
MT509481	USA
MT509482	USA
MT509483	USA
MT509484	USA
MT509485	USA
MT509486	USA
MT509487	USA
MT509488	USA
MT509489	USA
MT509490	USA
MT509491	USA
MT509492	USA
MT509493	USA
MT509494	India
MT509495	India
MT509496	India
MT509497	India
MT509498	India
MT509499	India
MT509500	India
MT509501	India
MT509502	India
MT509503	India
MT509504	India
MT509505	India
MT509506	India
MT509507	India
MT509508	India
MT509509	India
MT509510	India
MT509511	India
MT509512	India
MT506199	USA
MT506200	USA
MT506201	USA
MT506202	USA
MT506203	USA
MT506204	USA
MT506205	USA
MT506206	USA
MT506207	USA
MT506208	USA
MT506209	USA
MT506210	USA
MT506211	USA
MT506212	USA
MT506213	USA
MT506214	USA
MT506215	USA
MT506216	USA
MT506217	USA
MT506218	USA
MT506219	USA
MT506220	USA
MT506221	USA
MT506222	USA
MT506223	USA
MT506224	USA
MT506225	USA
MT506226	USA
MT506227	USA
MT506228	USA
MT506229	USA
MT506526	USA
MT506527	USA
MT506528	USA
MT506529	USA
MT506530	USA
MT506531	USA
MT506532	USA
MT506533	USA
MT506534	USA
MT506535	USA
MT506536	USA
MT506537	USA
MT506538	USA
MT506539	USA
MT506540	USA
MT506541	USA
MT506542	USA
MT506543	USA
MT506544	USA
MT506545	USA
MT506546	USA
MT506547	USA
MT506548	USA
MT506549	USA
MT506550	USA
MT506551	USA
MT506552	USA
MT506553	USA
MT506554	USA
MT506555	USA
MT506556	USA
MT506557	USA
MT506558	USA
MT506559	USA
MT506560	USA
MT506561	USA
MT506562	USA
MT506563	USA
MT506564	USA
MT506565	USA
MT506566	USA
MT506567	USA
MT506568	USA
MT506569	USA
MT506570	USA
MT506571	USA
MT506572	USA
MT506573	USA
MT506574	USA
MT506575	USA
MT506576	USA
MT506577	USA
MT506578	USA
MT506579	USA
MT506580	USA
MT506581	USA
MT506582	USA
MT506583	USA
MT506584	USA
MT506585	USA
MT506586	USA
MT506587	USA
MT506636	USA
MT506637	USA
MT506638	USA
MT506639	USA
MT506640	USA
MT506641	USA
MT506642	USA
MT506643	USA
MT506644	USA
MT506645	USA
MT506646	USA
MT506647	USA
MT506648	USA
MT506649	USA
MT506650	USA
MT506651	USA
MT506652	USA
MT506653	USA
MT506654	USA
MT506655	USA
MT506656	USA
MT506657	USA
MT506658	USA
MT506659	USA
MT506660	USA
MT506661	USA
MT506662	USA
MT506663	USA
MT506664	USA
MT506665	USA
MT506666	USA
MT506667	USA
MT506668	USA
MT506669	USA
MT506670	USA
MT506671	USA
MT506672	USA
MT506673	USA
MT506674	USA
MT506675	USA
MT506676	USA
MT506677	USA
MT506678	USA
MT506679	USA
MT506680	USA
MT506681	USA
MT506682	USA
MT506683	USA
MT506684	USA
MT506685	USA
MT506686	USA
MT506687	USA
MT506688	USA
MT506689	USA
MT506690	USA
MT506691	USA
MT506692	USA
MT506693	USA
MT506694	USA
MT506695	USA
MT506696	USA
MT506697	USA
MT506698	USA
MT506699	USA
MT506700	USA
MT506701	USA
MT506702	USA
MT506707	USA
MT506885	USA
MT506886	USA
MT506887	USA
MT506888	USA
MT506889	USA
MT506890	USA
MT506891	USA
MT506892	USA
MT506893	USA
MT506894	USA
MT506895	USA
MT506896	USA
MT506897	USA
MT506898	USA
MT506899	USA
MT506900	USA
MT506901	USA
MT506902	USA
MT506903	USA
MT506904	USA
MT506905	USA
MT506906	USA
MT506907	USA
MT507271	Jamaica
MT507272	Jamaica
MT507273	Jamaica
MT507274	Jamaica
MT507275	Jamaica
MT507276	Jamaica
MT507277	USA
MT507278	USA
MT507279	USA
MT507280	USA
MT507281	USA
MT507282	USA
MT507793	Jamaica
MT507794	Jamaica
MT507795	USA
MT507796	USA
MT499171	USA
MT499172	USA
MT499173	USA
MT499174	USA
MT499175	USA
MT499176	USA
MT499177	USA
MT499178	USA
MT499179	USA
MT499180	USA
MT499181	USA
MT499182	USA
MT499183	USA
MT499184	USA
MT499185	USA
MT499186	USA
MT499187	USA
MT499188	USA
MT499189	USA
MT499190	USA
MT499191	USA
MT499192	USA
MT499193	USA
MT499194	USA
MT499195	USA
MT499196	USA
MT499197	USA
MT499198	USA
MT499199	USA
MT499200	USA
MT499201	USA
MT499202	USA
MT499203	USA
MT499204	USA
MT499205	USA
MT499206	USA
MT499207	USA
MT499208	Poland
MT499209	Poland
MT499210	Poland
MT500122	Pakistan
MT502774	Bangladesh
MT481895	India
MT481896	India
MT481897	India
MT481898	India
MT481899	India
MT481900	India
MT481901	India
MT481902	India
MT481903	India
MT481904	India
MT481905	India
MT481906	India
MT481907	India
MT481908	India
MT481909	India
MT496972	India
MT496973	India
MT496974	India
MT496975	India
MT496976	India
MT496977	India
MT496978	India
MT496979	India
MT496980	India
MT496981	India
MT496982	India
MT496983	India
MT496984	India
MT496985	India
MT496986	India
MT496987	India
MT496988	India
MT496989	India
MT496990	India
MT496991	India
MT496992	India
MT496993	India
MT496994	India
MT496995	India
MT496996	India
MT496997	India
MT270101	Germany
MT270102	Germany
MT270103	Germany
MT270104	Germany
MT270105	Germany
MT270106	Germany
MT270107	Germany
MT270108	Germany
MT270109	Germany
MT270110	Germany
MT270111	Germany
MT270112	Germany
MT270113	Germany
MT270114	Germany
MT483553	India
MT483554	India
MT483555	India
MT483556	India
MT483557	India
MT483558	India
MT483559	India
MT483560	India
MT483563	USA
MT483564	USA
MT483565	USA
MT483702	India
MT477835	USA
MT477836	USA
MT477837	USA
MT477838	USA
MT477839	USA
MT477840	USA
MT477841	USA
MT477842	USA
MT477843	USA
MT477844	USA
MT477845	USA
MT477846	USA
MT477847	USA
MT477848	USA
MT477849	USA
MT477850	USA
MT477851	USA
MT477852	USA
MT477853	USA
MT477854	USA
MT477855	USA
MT477856	USA
MT477857	USA
MT477858	USA
MT477859	USA
MT477860	USA
MT477861	USA
MT477862	USA
MT477885	India
MT477903	USA
MT477904	USA
MT481927	USA
MT481928	USA
MT481929	USA
MT481930	USA
MT481931	USA
MT481932	USA
MT481933	USA
MT481934	USA
MT481935	USA
MT481936	USA
MT481992	USA
MT482110	USA
MT482111	USA
MT482112	USA
MT482113	USA
MT482114	USA
MT482115	USA
MT482116	USA
MT482117	USA
MT482118	USA
MT482119	USA
MT482120	USA
MT482121	USA
MT482122	USA
MT482123	USA
MT482124	USA
MT482125	USA
MT482126	USA
MT482127	USA
MT482128	USA
MT482129	USA
MT482130	USA
MT482131	USA
MT482132	USA
MT482133	USA
MT482134	USA
MT482135	USA
MT482136	USA
MT482137	USA
MT482138	USA
MT482139	USA
MT482140	USA
MT482141	USA
MT482142	USA
MT482143	USA
MT482144	USA
MT482145	USA
MT482146	USA
MT482147	USA
MT482148	USA
MT482149	USA
LC547518	Japan
LC547519	Japan
LC547520	Japan
LC547521	Japan
LC547522	Japan
LC547523	Japan
LC547524	Japan
LC547525	Japan
LC547526	Japan
LC547527	Japan
LC547528	Japan
LC547529	Japan
LC547530	Japan
LC547531	Japan
LC547532	Japan
LC547533	Japan
LC546038	Japan
MT079843	China
MT079844	China
MT079845	China
MT079846	China
MT079847	China
MT079848	China
MT079849	China
MT079850	China
MT079851	China
MT079852	China
MT079853	China
MT079854	China
MT472621	USA
MT472622	USA
MT472623	USA
MT472624	USA
MT472625	USA
MT472626	USA
MT472627	USA
MT474126	USA
MT474127	USA
MT474128	USA
MT474129	USA
MT474130	USA
MT474131	USA
MT474132	USA
MT474133	USA
MT474134	USA
MT474135	USA
MT474136	USA
MT474137	USA
MT474138	USA
MT476384	USA
MT476385	Bangladesh
MT358638	Germany
MT358639	Germany
MT358640	Germany
MT358641	Germany
MT358642	Germany
MT358643	Germany
MT466071	Uruguay
MT466583	USA
MT467237	India
MT467238	India
MT467239	India
MT467240	India
MT467241	India
MT467242	India
MT467243	India
MT467244	India
MT467245	India
MT467246	India
MT467247	India
MT467248	India
MT467249	India
MT467250	India
MT467251	India
MT467252	India
MT467253	India
MT467254	India
MT467255	India
MT467256	India
MT467257	India
MT467258	India
MT467259	India
MT467260	India
MT467261	India
MT467262	India
MT467263	India
MT470100	France
MT470101	France
MT470102	France
MT470103	France
MT470104	France
MT470105	France
MT470106	France
MT470107	France
MT470108	France
MT470109	France
MT470110	France
MT470111	France
MT470112	France
MT470113	France
MT470114	France
MT470115	France
MT470116	France
MT470117	France
MT470118	France
MT470119	France
MT470120	France
MT470121	France
MT470122	France
MT470123	France
MT470124	France
MT470125	France
MT470126	France
MT470127	France
MT470128	France
MT470129	France
MT470130	France
MT470131	France
MT470132	France
MT470133	France
MT470134	France
MT470135	France
MT470136	France
MT470137	France
MT470138	France
MT470139	France
MT470140	France
MT470141	France
MT470142	France
MT470143	France
MT470144	France
MT470145	France
MT470146	France
MT470147	France
MT470148	France
MT470149	France
MT470150	France
MT470151	France
MT470152	France
MT470153	France
MT470154	France
MT470155	France
MT470156	France
MT470157	France
MT470158	France
MT470159	France
MT470160	France
MT470161	France
MT470162	France
MT470163	France
MT470164	France
MT470165	France
MT470166	France
MT470167	France
MT470168	France
MT470169	France
MT470170	France
MT470171	France
MT470172	France
MT470173	France
MT470174	France
MT470175	France
MT470176	France
MT470177	France
MT470178	France
MT470179	France
MT470219	Colombia
MT459832	Greece
MT459833	Greece
MT459834	Greece
MT459835	Greece
MT459836	Greece
MT459837	Greece
MT459838	Greece
MT459839	Greece
MT459840	Greece
MT459841	Greece
MT459842	Greece
MT459843	Greece
MT459844	Greece
MT459845	Greece
MT459846	Greece
MT459847	Greece
MT459848	Greece
MT459849	Greece
MT459850	Greece
MT459851	Greece
MT459852	Greece
MT459853	Greece
MT459854	Greece
MT459855	Greece
MT459856	Greece
MT459857	Greece
MT459858	Greece
MT459859	Greece
MT459860	Greece
MT459861	Greece
MT459862	Greece
MT459863	Greece
MT459864	Greece
MT459865	Greece
MT459866	Greece
MT459867	Greece
MT459868	Greece
MT459869	Greece
MT459870	Greece
MT459871	Greece
MT459872	Greece
MT459873	Greece
MT459874	Greece
MT459875	Greece
MT459876	Greece
MT459877	Greece
MT459878	Greece
MT459879	Greece
MT459880	Greece
MT459881	Greece
MT459882	Greece
MT459883	Greece
MT459884	Greece
MT459885	Greece
MT459886	Greece
MT459887	Greece
MT459888	Greece
MT459889	Greece
MT459890	Greece
MT459891	Greece
MT459892	Greece
MT459893	Greece
MT459894	Greece
MT459895	Greece
MT459896	Greece
MT459897	Greece
MT459898	Greece
MT459899	Greece
MT459900	Greece
MT459901	Greece
MT459902	Greece
MT459903	Greece
MT459904	Greece
MT459905	Greece
MT459906	Greece
MT459907	Greece
MT459908	Greece
MT459909	Greece
MT459910	Greece
MT459911	Greece
MT459912	Greece
MT459913	Greece
MT459914	Greece
MT459915	Greece
MT459916	Greece
MT459917	Greece
MT459918	Greece
MT459919	Greece
MT459920	Greece
MT459921	Greece
MT459922	Greece
MT459923	Greece
MT459924	Greece
MT459925	Greece
MT459928	Iran
MT459979	Serbia
MT459985	Guam
MT459986	Guam
MT459987	Guam
MT459988	USA
MT459989	USA
MT459990	USA
MT460089	USA
MT460090	USA
MT460091	USA
MT460092	USA
MT460113	USA
MT460114	USA
MT460115	USA
MT460116	USA
MT460117	USA
MT460118	USA
MT460119	USA
MT460120	USA
MT460121	USA
MT460122	USA
MT460123	USA
MT460124	USA
MT460125	USA
MT460126	USA
MT460127	USA
MT460128	USA
MT460129	USA
MT460130	USA
MT460131	USA
MT460132	USA
MT460133	USA
MT460134	USA
MT460135	USA
MT460136	USA
MT460137	USA
MT460138	USA
MT460139	USA
MT460140	USA
MT461603	USA
MT461604	USA
MT461605	USA
MT461606	USA
MT461607	USA
MT461608	USA
MT461609	USA
MT461610	USA
MT461611	USA
MT461612	USA
MT461613	USA
MT461614	USA
MT461615	USA
MT461616	USA
MT461617	USA
MT461618	USA
MT461619	USA
MT461620	USA
MT461621	USA
MT461622	USA
MT461623	USA
MT461624	USA
MT461625	USA
MT461626	USA
MT461627	USA
MT461628	USA
MT461629	USA
MT461630	USA
MT461631	USA
MT461632	USA
MT461633	USA
MT461634	USA
MT461635	USA
MT461636	USA
MT461637	USA
MT461638	USA
MT461639	USA
MT461640	USA
MT461641	USA
MT461642	USA
MT461643	USA
MT461644	USA
MT461645	USA
MT461646	USA
MT461647	USA
MT461648	USA
MT461649	USA
MT461650	USA
MT461651	USA
MT461652	USA
MT461653	USA
MT461654	USA
MT461655	USA
MT461656	USA
MT461657	USA
MT461658	USA
MT461659	USA
MT461660	USA
MT461661	USA
MT461662	USA
MT461663	USA
MT461664	USA
MT461665	USA
MT461666	USA
MT461667	USA
MT461668	USA
MT457390	Netherlands
MT457391	Netherlands
MT457392	Netherlands
MT457393	Netherlands
MT457394	Netherlands
MT457395	Netherlands
MT457396	Netherlands
MT457397	Netherlands
MT457398	Netherlands
MT457399	Netherlands
MT457400	Netherlands
MT457401	Netherlands
MT457402	India
MT457403	India
MT449636	USA
MT449637	USA
MT449638	USA
MT449639	USA
MT449640	USA
MT449641	USA
MT449642	USA
MT449643	USA
MT449644	USA
MT449645	USA
MT449646	USA
MT449647	USA
MT449648	USA
MT449649	USA
MT449650	USA
MT449651	USA
MT449652	USA
MT449653	USA
MT449654	USA
MT449655	USA
MT449656	USA
MT449657	USA
MT449658	USA
MT449659	USA
MT449660	USA
MT449661	USA
MT449662	USA
MT449663	USA
MT449664	USA
MT449665	USA
MT449666	USA
MT449667	USA
MT449668	USA
MT449669	USA
MT449670	USA
MT449671	USA
MT449672	USA
MT449673	USA
MT449674	USA
MT449675	USA
MT449676	USA
MT449677	USA
MT449678	USA
MT449679	USA
MT450872	Serbia
MT450873	USA
MT450874	USA
MT450875	USA
MT450876	USA
MT450877	USA
MT450878	USA
MT450879	USA
MT450880	USA
MT450881	USA
MT450882	USA
MT450883	USA
MT450884	USA
MT450885	USA
MT450886	USA
MT450887	USA
MT450888	USA
MT450889	USA
MT450890	USA
MT450891	USA
MT450892	USA
MT450893	USA
MT450894	USA
MT450895	USA
MT450896	USA
MT450897	USA
MT450898	USA
MT450899	USA
MT450900	USA
MT450901	USA
MT450902	USA
MT450903	USA
MT450904	USA
MT450905	USA
MT450906	USA
MT450907	USA
MT450908	USA
MT450909	USA
MT450910	USA
MT450911	USA
MT450912	USA
MT450913	USA
MT450914	USA
MT450915	USA
MT450916	USA
MT450917	USA
MT450918	USA
MT450919	Australia
MT450920	Australia
MT450921	Australia
MT450922	Australia
MT450923	Australia
MT450924	Australia
MT450925	Australia
MT450926	Australia
MT450927	Australia
MT450928	Australia
MT450929	Australia
MT450930	Australia
MT450931	Australia
MT450932	Australia
MT450933	Australia
MT450934	Australia
MT450935	Australia
MT450936	Australia
MT450937	Australia
MT450938	Australia
MT450939	Australia
MT450940	Australia
MT450941	Australia
MT450942	Australia
MT450943	Australia
MT450944	Australia
MT450945	Australia
MT450946	Australia
MT450947	Australia
MT450948	Australia
MT450949	Australia
MT450950	Australia
MT450951	Australia
MT450952	Australia
MT450953	Australia
MT450954	Australia
MT450955	Australia
MT450956	Australia
MT450957	Australia
MT450958	Australia
MT450959	Australia
MT450960	Australia
MT450961	Australia
MT450962	Australia
MT450963	Australia
MT450964	Australia
MT450965	Australia
MT450966	Australia
MT450967	Australia
MT450968	Australia
MT450969	Australia
MT450970	Australia
MT450971	Australia
MT450972	Australia
MT450973	Australia
MT450974	Australia
MT450975	Australia
MT450976	Australia
MT450977	Australia
MT450978	Australia
MT450979	Australia
MT450980	Australia
MT450981	Australia
MT450982	Australia
MT450983	Australia
MT450984	Australia
MT450985	Australia
MT450986	Australia
MT450987	Australia
MT450988	Australia
MT450989	Australia
MT450990	Australia
MT450991	Australia
MT450992	Australia
MT450993	Australia
MT450994	Australia
MT450995	Australia
MT450996	Australia
MT450997	Australia
MT450998	Australia
MT450999	Australia
MT451000	Australia
MT451001	Australia
MT451002	Australia
MT451003	Australia
MT451004	Australia
MT451005	Australia
MT451006	Australia
MT451007	Australia
MT451008	Australia
MT451009	Australia
MT451010	Australia
MT451011	Australia
MT451012	Australia
MT451013	Australia
MT451014	Australia
MT451015	Australia
MT451016	Australia
MT451017	Australia
MT451018	Australia
MT451019	Australia
MT451020	Australia
MT451021	Australia
MT451022	Australia
MT451023	Australia
MT451024	Australia
MT451025	Australia
MT451026	Australia
MT451027	Australia
MT451028	Australia
MT451029	Australia
MT451030	Australia
MT451031	Australia
MT451032	Australia
MT451033	Australia
MT451034	Australia
MT451035	Australia
MT451036	Australia
MT451037	Australia
MT451038	Australia
MT451039	Australia
MT451040	Australia
MT451041	Australia
MT451042	Australia
MT451043	Australia
MT451044	Australia
MT451045	Australia
MT451046	Australia
MT451047	Australia
MT451048	Australia
MT451049	Australia
MT451050	Australia
MT451051	Australia
MT451052	Australia
MT451053	Australia
MT451054	Australia
MT451055	Australia
MT451056	Australia
MT451057	Australia
MT451058	Australia
MT451059	Australia
MT451060	Australia
MT451061	Australia
MT451062	Australia
MT451063	Australia
MT451064	Australia
MT451065	Australia
MT451066	Australia
MT451067	Australia
MT451068	Australia
MT451069	Australia
MT451070	Australia
MT451071	Australia
MT451072	Australia
MT451073	Australia
MT451074	Australia
MT451075	Australia
MT451076	Australia
MT451077	Australia
MT451078	Australia
MT451079	Australia
MT451080	Australia
MT451081	Australia
MT451082	Australia
MT451083	Australia
MT451084	Australia
MT451085	Australia
MT451086	Australia
MT451087	Australia
MT451088	Australia
MT451089	Australia
MT451090	Australia
MT451091	Australia
MT451092	Australia
MT451093	Australia
MT451094	Australia
MT451095	Australia
MT451096	Australia
MT451097	Australia
MT451098	Australia
MT451099	Australia
MT451100	Australia
MT451101	Australia
MT451102	Australia
MT451103	Australia
MT451104	Australia
MT451105	Australia
MT451106	Australia
MT451107	Australia
MT451108	Australia
MT451109	Australia
MT451110	Australia
MT451111	Australia
MT451112	Australia
MT451113	Australia
MT451114	Australia
MT451115	Australia
MT451116	Australia
MT451117	Australia
MT451118	Australia
MT451119	Australia
MT451120	Australia
MT451121	Australia
MT451122	Australia
MT451123	Australia
MT451124	Australia
MT451125	Australia
MT451126	Australia
MT451127	Australia
MT451128	Australia
MT451129	Australia
MT451130	Australia
MT451131	Australia
MT451132	Australia
MT451133	Australia
MT451134	Australia
MT451135	Australia
MT451136	Australia
MT451137	Australia
MT451138	Australia
MT451139	Australia
MT451140	Australia
MT451141	Australia
MT451142	Australia
MT451143	Australia
MT451144	Australia
MT451145	Australia
MT451146	Australia
MT451147	Australia
MT451148	Australia
MT451149	Australia
MT451150	Australia
MT451151	Australia
MT451152	Australia
MT451153	Australia
MT451154	Australia
MT451155	Australia
MT451156	Australia
MT451157	Australia
MT451158	Australia
MT451159	Australia
MT451160	Australia
MT451161	Australia
MT451162	Australia
MT451163	Australia
MT451164	Australia
MT451165	Australia
MT451166	Australia
MT451167	Australia
MT451168	Australia
MT451169	Australia
MT451170	Australia
MT451171	Australia
MT451172	Australia
MT451173	Australia
MT451174	Australia
MT451175	Australia
MT451176	Australia
MT451177	Australia
MT451178	Australia
MT451179	Australia
MT451180	Australia
MT451181	Australia
MT451182	Australia
MT451183	Australia
MT451184	Australia
MT451185	Australia
MT451186	Australia
MT451187	Australia
MT451188	Australia
MT451189	Australia
MT451190	Australia
MT451191	Australia
MT451192	Australia
MT451193	Australia
MT451194	Australia
MT451195	Australia
MT451196	Australia
MT451197	Australia
MT451198	Australia
MT451199	Australia
MT451200	Australia
MT451201	Australia
MT451202	Australia
MT451203	Australia
MT451204	Australia
MT451205	Australia
MT451206	Australia
MT451207	Australia
MT451208	Australia
MT451209	Australia
MT451210	Australia
MT451211	Australia
MT451212	Australia
MT451213	Australia
MT451214	Australia
MT451215	Australia
MT451216	Australia
MT451217	Australia
MT451218	Australia
MT451219	Australia
MT451220	Australia
MT451221	Australia
MT451222	Australia
MT451223	Australia
MT451224	Australia
MT451225	Australia
MT451226	Australia
MT451227	Australia
MT451228	Australia
MT451229	Australia
MT451230	Australia
MT451231	Australia
MT451232	Australia
MT451233	Australia
MT451234	Australia
MT451235	Australia
MT451236	Australia
MT451237	Australia
MT451238	Australia
MT451239	Australia
MT451240	Australia
MT451241	Australia
MT451242	Australia
MT451243	Australia
MT451244	Australia
MT451245	Australia
MT451246	Australia
MT451247	Australia
MT451248	Australia
MT451249	Australia
MT451250	Australia
MT451251	Australia
MT451252	Australia
MT451253	Australia
MT451254	Australia
MT451255	Australia
MT451256	Australia
MT451257	Australia
MT451258	Australia
MT451259	Australia
MT451260	Australia
MT451261	Australia
MT451262	Australia
MT451263	Australia
MT451264	Australia
MT451265	Australia
MT451266	Australia
MT451267	Australia
MT451268	Australia
MT451269	Australia
MT451270	Australia
MT451271	Australia
MT451272	Australia
MT451273	Australia
MT451274	Australia
MT451275	Australia
MT451276	Australia
MT451277	Australia
MT451278	Australia
MT451279	Australia
MT451280	Australia
MT451281	Australia
MT451282	Australia
MT451283	Australia
MT451284	Australia
MT451285	Australia
MT451286	Australia
MT451287	Australia
MT451288	Australia
MT451289	Australia
MT451290	Australia
MT451291	Australia
MT451292	Australia
MT451293	Australia
MT451294	Australia
MT451295	Australia
MT451296	Australia
MT451297	Australia
MT451298	Australia
MT451299	Australia
MT451300	Australia
MT451301	Australia
MT451302	Australia
MT451303	Australia
MT451304	Australia
MT451305	Australia
MT451306	Australia
MT451307	Australia
MT451308	Australia
MT451309	Australia
MT451310	Australia
MT451311	Australia
MT451312	Australia
MT451313	Australia
MT451314	Australia
MT451315	Australia
MT451316	Australia
MT451317	Australia
MT451318	Australia
MT451319	Australia
MT451320	Australia
MT451321	Australia
MT451322	Australia
MT451323	Australia
MT451324	Australia
MT451325	Australia
MT451326	Australia
MT451327	Australia
MT451328	Australia
MT451329	Australia
MT451330	Australia
MT451331	Australia
MT451332	Australia
MT451333	Australia
MT451334	Australia
MT451335	Australia
MT451336	Australia
MT451337	Australia
MT451338	Australia
MT451339	Australia
MT451340	Australia
MT451341	Australia
MT451342	Australia
MT451343	Australia
MT451344	Australia
MT451345	Australia
MT451346	Australia
MT451347	Australia
MT451348	Australia
MT451349	Australia
MT451350	Australia
MT451351	Australia
MT451352	Australia
MT451353	Australia
MT451354	Australia
MT451355	Australia
MT451356	Australia
MT451357	Australia
MT451358	Australia
MT451359	Australia
MT451360	Australia
MT451361	Australia
MT451362	Australia
MT451363	Australia
MT451364	Australia
MT451365	Australia
MT451366	Australia
MT451367	Australia
MT451368	Australia
MT451369	Australia
MT451370	Australia
MT451371	Australia
MT451372	Australia
MT451373	Australia
MT451374	Australia
MT451375	Australia
MT451376	Australia
MT451377	Australia
MT451378	Australia
MT451379	Australia
MT451380	Australia
MT451381	Australia
MT451382	Australia
MT451383	Australia
MT451384	Australia
MT451385	Australia
MT451386	Australia
MT451387	Australia
MT451388	Australia
MT451389	Australia
MT451390	Australia
MT451391	Australia
MT451392	Australia
MT451393	Australia
MT451394	Australia
MT451395	Australia
MT451396	Australia
MT451397	Australia
MT451398	Australia
MT451399	Australia
MT451400	Australia
MT451401	Australia
MT451402	Australia
MT451403	Australia
MT451404	Australia
MT451405	Australia
MT451406	Australia
MT451407	Australia
MT451408	Australia
MT451409	Australia
MT451410	Australia
MT451411	Australia
MT451412	Australia
MT451413	Australia
MT451414	Australia
MT451415	Australia
MT451416	Australia
MT451417	Australia
MT451418	Australia
MT451419	Australia
MT451420	Australia
MT451421	Australia
MT451422	Australia
MT451423	Australia
MT451424	Australia
MT451425	Australia
MT451426	Australia
MT451427	Australia
MT451428	Australia
MT451429	Australia
MT451430	Australia
MT451431	Australia
MT451432	Australia
MT451433	Australia
MT451434	Australia
MT451435	Australia
MT451436	Australia
MT451437	Australia
MT451438	Australia
MT451439	Australia
MT451440	Australia
MT451441	Australia
MT451442	Australia
MT451443	Australia
MT451444	Australia
MT451445	Australia
MT451446	Australia
MT451447	Australia
MT451448	Australia
MT451449	Australia
MT451450	Australia
MT451451	Australia
MT451452	Australia
MT451453	Australia
MT451454	Australia
MT451455	Australia
MT451456	Australia
MT451457	Australia
MT451458	Australia
MT451459	Australia
MT451460	Australia
MT451461	Australia
MT451462	Australia
MT451463	Australia
MT451464	Australia
MT451465	Australia
MT451466	Australia
MT451467	Australia
MT451468	Australia
MT451469	Australia
MT451470	Australia
MT451471	Australia
MT451472	Australia
MT451473	Australia
MT451474	Australia
MT451475	Australia
MT451476	Australia
MT451477	Australia
MT451478	Australia
MT451479	Australia
MT451480	Australia
MT451481	Australia
MT451482	Australia
MT451483	Australia
MT451484	Australia
MT451485	Australia
MT451486	Australia
MT451487	Australia
MT451488	Australia
MT451489	Australia
MT451490	Australia
MT451491	Australia
MT451492	Australia
MT451493	Australia
MT451494	Australia
MT451495	Australia
MT451496	Australia
MT451497	Australia
MT451498	Australia
MT451499	Australia
MT451500	Australia
MT451501	Australia
MT451502	Australia
MT451503	Australia
MT451504	Australia
MT451505	Australia
MT451506	Australia
MT451507	Australia
MT451508	Australia
MT451509	Australia
MT451510	Australia
MT451511	Australia
MT451512	Australia
MT451513	Australia
MT451514	Australia
MT451515	Australia
MT451516	Australia
MT451517	Australia
MT451518	Australia
MT451519	Australia
MT451520	Australia
MT451521	Australia
MT451522	Australia
MT451523	Australia
MT451524	Australia
MT451525	Australia
MT451526	Australia
MT451527	Australia
MT451528	Australia
MT451529	Australia
MT451530	Australia
MT451531	Australia
MT451532	Australia
MT451533	Australia
MT451534	Australia
MT451535	Australia
MT451536	Australia
MT451537	Australia
MT451538	Australia
MT451539	Australia
MT451540	Australia
MT451541	Australia
MT451542	Australia
MT451543	Australia
MT451544	Australia
MT451545	Australia
MT451546	Australia
MT451547	Australia
MT451548	Australia
MT451549	Australia
MT451550	Australia
MT451551	Australia
MT451552	Australia
MT451553	Australia
MT451554	Australia
MT451555	Australia
MT451556	Australia
MT451557	Australia
MT451558	Australia
MT451559	Australia
MT451560	Australia
MT451561	Australia
MT451562	Australia
MT451563	Australia
MT451564	Australia
MT451565	Australia
MT451566	Australia
MT451567	Australia
MT451568	Australia
MT451569	Australia
MT451570	Australia
MT451571	Australia
MT451572	Australia
MT451573	Australia
MT451574	Australia
MT451575	Australia
MT451576	Australia
MT451577	Australia
MT451578	Australia
MT451579	Australia
MT451580	Australia
MT451581	Australia
MT451582	Australia
MT451583	Australia
MT451584	Australia
MT451585	Australia
MT451586	Australia
MT451587	Australia
MT451588	Australia
MT451589	Australia
MT451590	Australia
MT451591	Australia
MT451592	Australia
MT451593	Australia
MT451594	Australia
MT451595	Australia
MT451596	Australia
MT451597	Australia
MT451598	Australia
MT451599	Australia
MT451600	Australia
MT451601	Australia
MT451602	Australia
MT451603	Australia
MT451604	Australia
MT451605	Australia
MT451606	Australia
MT451607	Australia
MT451608	Australia
MT451609	Australia
MT451610	Australia
MT451611	Australia
MT451612	Australia
MT451613	Australia
MT451614	Australia
MT451615	Australia
MT451616	Australia
MT451617	Australia
MT451618	Australia
MT451619	Australia
MT451620	Australia
MT451621	Australia
MT451622	Australia
MT451623	Australia
MT451624	Australia
MT451625	Australia
MT451626	Australia
MT451627	Australia
MT451628	Australia
MT451629	Australia
MT451630	Australia
MT451631	Australia
MT451632	Australia
MT451633	Australia
MT451634	Australia
MT451635	Australia
MT451636	Australia
MT451637	Australia
MT451638	Australia
MT451639	Australia
MT451640	Australia
MT451641	Australia
MT451642	Australia
MT451643	Australia
MT451644	Australia
MT451645	Australia
MT451646	Australia
MT451647	Australia
MT451648	Australia
MT451649	Australia
MT451650	Australia
MT451651	Australia
MT451652	Australia
MT451653	Australia
MT451654	Australia
MT451655	Australia
MT451656	Australia
MT451657	Australia
MT451658	Australia
MT451659	Australia
MT451660	Australia
MT451661	Australia
MT451662	Australia
MT451663	Australia
MT451664	Australia
MT451665	Australia
MT451666	Australia
MT451667	Australia
MT451668	Australia
MT451669	Australia
MT451670	Australia
MT451671	Australia
MT451672	Australia
MT451673	Australia
MT451674	Australia
MT451675	Australia
MT451676	Australia
MT451677	Australia
MT451678	Australia
MT451679	Australia
MT451680	Australia
MT451681	Australia
MT451682	Australia
MT451683	Australia
MT451684	Australia
MT451685	Australia
MT451686	Australia
MT451687	Australia
MT451688	Australia
MT451689	Australia
MT451690	Australia
MT451691	Australia
MT451692	Australia
MT451693	Australia
MT451694	Australia
MT451695	Australia
MT451696	Australia
MT451697	Australia
MT451698	Australia
MT451699	Australia
MT451700	Australia
MT451701	Australia
MT451702	Australia
MT451703	Australia
MT451704	Australia
MT451705	Australia
MT451706	Australia
MT451707	Australia
MT451708	Australia
MT451709	Australia
MT451710	Australia
MT451711	Australia
MT451712	Australia
MT451713	Australia
MT451714	Australia
MT451715	Australia
MT451716	Australia
MT451717	Australia
MT451718	Australia
MT451719	Australia
MT451720	Australia
MT451721	Australia
MT451722	Australia
MT451723	Australia
MT451724	Australia
MT451725	Australia
MT451726	Australia
MT451727	Australia
MT451728	Australia
MT451729	Australia
MT451730	Australia
MT451731	Australia
MT451732	Australia
MT451733	Australia
MT451734	Australia
MT451735	Australia
MT451736	Australia
MT451737	Australia
MT451738	Australia
MT451739	Australia
MT451740	Australia
MT451741	Australia
MT451742	Australia
MT451743	Australia
MT451744	Australia
MT451745	Australia
MT451746	Australia
MT451747	Australia
MT451748	Australia
MT451749	Australia
MT451750	Australia
MT451751	Australia
MT451752	Australia
MT451753	Australia
MT451754	Australia
MT451755	Australia
MT451756	Australia
MT451757	Australia
MT451758	Australia
MT451759	Australia
MT451760	Australia
MT451761	Australia
MT451762	Australia
MT451763	Australia
MT451764	Australia
MT451765	Australia
MT451766	Australia
MT451767	Australia
MT451768	Australia
MT451769	Australia
MT451770	Australia
MT451771	Australia
MT451772	Australia
MT451773	Australia
MT451774	Australia
MT451775	Australia
MT451776	Australia
MT451777	Australia
MT451778	Australia
MT451779	Australia
MT451780	Australia
MT451781	Australia
MT451782	Australia
MT451783	Australia
MT451784	Australia
MT451785	Australia
MT451786	Australia
MT451787	Australia
MT451788	Australia
MT451789	Australia
MT451790	Australia
MT451791	Australia
MT451792	Australia
MT451793	Australia
MT451794	Australia
MT451795	Australia
MT451796	Australia
MT451797	Australia
MT451798	Australia
MT451799	Australia
MT451800	Australia
MT451801	Australia
MT451802	Australia
MT451803	Australia
MT451804	Australia
MT451805	Australia
MT451806	Australia
MT451807	Australia
MT451808	Australia
MT451809	Australia
MT451810	Australia
MT451811	Australia
MT451812	Australia
MT451813	Australia
MT451814	Australia
MT451815	Australia
MT451816	Australia
MT451817	Australia
MT451818	Australia
MT451819	Australia
MT451820	Australia
MT451821	Australia
MT451822	Australia
MT451823	Australia
MT451824	Australia
MT451825	Australia
MT451826	Australia
MT451827	Australia
MT451828	Australia
MT451829	Australia
MT451830	Australia
MT451831	Australia
MT451832	Australia
MT451833	Australia
MT451834	Australia
MT451835	Australia
MT451836	Australia
MT451837	Australia
MT451838	Australia
MT451839	Australia
MT451840	Australia
MT451841	Australia
MT451842	Australia
MT451874	India
MT451875	India
MT451876	India
MT451877	India
MT451878	India
MT451879	India
MT451880	India
MT451881	India
MT451882	India
MT451883	India
MT451884	India
MT451885	India
MT451886	India
MT451887	India
MT451888	India
MT451889	India
MT451890	India
MT452574	USA
MT452575	USA
MT452576	USA
MT444148	USA
MT444515	USA
MT444516	USA
MT444517	USA
MT444518	USA
MT444519	USA
MT444520	USA
MT444521	USA
MT444522	USA
MT444523	USA
MT444524	USA
MT444525	USA
MT444526	USA
MT444527	USA
MT444528	USA
MT444529	USA
MT444530	USA
MT444531	USA
MT444532	USA
MT444533	USA
MT444534	USA
MT444535	USA
MT444536	USA
MT444537	USA
MT444538	USA
MT444539	USA
MT444540	USA
MT444541	USA
MT444542	USA
MT444543	USA
MT444544	USA
MT444545	USA
MT444546	USA
MT444547	USA
MT444548	USA
MT444549	USA
MT444550	USA
MT444551	USA
MT444552	USA
MT444553	USA
MT444554	USA
MT444555	USA
MT444556	USA
MT444557	USA
MT444558	USA
MT444559	USA
MT444560	USA
MT444561	USA
MT444562	USA
MT444563	USA
MT444564	USA
MT444565	USA
MT444566	USA
MT444567	USA
MT444568	USA
MT444569	USA
MT444570	USA
MT444571	USA
MT444572	USA
MT444573	USA
MT444574	USA
MT444575	USA
MT444576	USA
MT444577	USA
MT444578	USA
MT444579	USA
MT444580	USA
MT444581	USA
MT444582	USA
MT444583	USA
MT444584	USA
MT444585	USA
MT444586	USA
MT444587	USA
MT444588	USA
MT444589	USA
MT444590	USA
MT444591	USA
MT444592	USA
MT444593	USA
MT444594	USA
MT444595	USA
MT444596	USA
MT444597	USA
MT444598	USA
MT444599	USA
MT444600	USA
MT444601	USA
MT444602	USA
MT444603	USA
MT444604	USA
MT444605	USA
MT444606	USA
MT444607	USA
MT444608	USA
MT444609	USA
MT444610	USA
MT444611	USA
MT444612	USA
MT444613	USA
MT444614	USA
MT444615	USA
MT444616	USA
MT444617	USA
MT444618	USA
MT444619	USA
MT444620	USA
MT444621	USA
MT444622	USA
MT444623	USA
MT444624	USA
MT444625	USA
MT444626	USA
MT444627	USA
MT444628	USA
MT444629	USA
MT444630	USA
MT444631	USA
MT444632	USA
MT444633	USA
MT444634	USA
MT444635	USA
MT446312	China
MT446339	USA
MT446340	USA
MT446341	USA
MT446342	USA
MT446343	USA
MT446344	USA
MT446345	USA
MT446346	USA
MT446347	USA
MT446348	USA
MT446349	USA
MT446350	USA
MT446351	USA
MT446352	USA
MT446353	USA
MT446354	USA
MT446355	USA
MT446356	USA
MT446357	USA
MT446358	USA
MT446359	USA
MT446360	USA
MT446361	USA
MT447154	Thailand
MT447155	Thailand
MT447156	Thailand
MT447157	Thailand
MT447158	Thailand
MT447159	Thailand
MT447160	Thailand
MT447161	Thailand
MT447162	Thailand
MT447163	Thailand
MT447164	Thailand
MT447165	Thailand
MT447166	Thailand
MT447167	Thailand
MT447168	Thailand
MT447169	Thailand
MT447170	Thailand
MT447171	Thailand
MT447172	Thailand
MT447173	Thailand
MT447174	Thailand
MT447175	Thailand
MT447176	Thailand
MT447177	Iran
MT438718	USA
MT438719	USA
MT438720	USA
MT438721	USA
MT438722	USA
MT438723	USA
MT438724	USA
MT438725	USA
MT438726	USA
MT438727	USA
MT438728	USA
MT438729	USA
MT438730	USA
MT438731	USA
MT438732	USA
MT438733	USA
MT438734	USA
MT438735	USA
MT438736	USA
MT438737	USA
MT438738	USA
MT438739	USA
MT438740	USA
MT438741	USA
MT438742	USA
MT438743	USA
MT438744	USA
MT438745	USA
MT438746	USA
MT438747	USA
MT438748	USA
MT438749	USA
MT438750	USA
MT438751	USA
MT438752	USA
MT438753	USA
MT438754	USA
MT438755	USA
MT438756	USA
MT438757	USA
MT438758	USA
MT438759	USA
MT438760	USA
MT439230	USA
MT439231	USA
MT439232	USA
MT439233	USA
MT439234	USA
MT439235	USA
MT439236	USA
MT439237	USA
MT439238	USA
MT439239	USA
MT439240	USA
MT439241	USA
MT439242	USA
MT439243	USA
MT439244	USA
MT439245	USA
MT439246	USA
MT439247	USA
MT439248	USA
MT439249	USA
MT439250	USA
MT439251	USA
MT439252	USA
MT439253	USA
MT439254	USA
MT439255	USA
MT439256	USA
MT439257	USA
MT439258	USA
MT439259	USA
MT439260	USA
MT439261	USA
MT439262	USA
MT439263	USA
MT439264	USA
MT439265	USA
MT439266	USA
MT439267	USA
MT439268	USA
MT439269	USA
MT439270	USA
MT439271	USA
MT439272	USA
MT439273	USA
MT439274	USA
MT439275	USA
MT439276	USA
MT439277	USA
MT439278	USA
MT439279	USA
MT439280	USA
MT439281	USA
MT439282	USA
MT439283	USA
MT439284	USA
MT439285	USA
MT439286	USA
MT439287	USA
MT439288	USA
MT439289	USA
MT439290	USA
MT439291	USA
MT439292	USA
MT439293	USA
MT439294	USA
MT439295	USA
MT439296	USA
MT439297	USA
MT439298	USA
MT439299	USA
MT439300	USA
MT439301	USA
MT439302	USA
MT439303	USA
MT439304	USA
MT439305	USA
MT439306	USA
MT439307	USA
MT439308	USA
MT439309	USA
MT439310	USA
MT439311	USA
MT439312	USA
MT439313	USA
MT439314	USA
MT439315	USA
MT439316	USA
MT439317	USA
MT439318	USA
MT439319	USA
MT439320	USA
MT439595	India
MT439596	India
MT439597	India
MT434757	India
MT434758	India
MT434759	India
MT434760	India
MT434782	USA
MT434783	USA
MT434784	USA
MT434785	USA
MT434786	USA
MT434787	USA
MT434788	USA
MT434789	USA
MT434790	USA
MT434791	USA
MT434792	USA
MT434793	USA
MT434794	USA
MT434795	USA
MT434796	USA
MT434797	USA
MT434798	USA
MT434799	USA
MT434800	USA
MT434801	USA
MT434802	USA
MT434803	USA
MT434804	USA
MT434805	USA
MT434806	USA
MT434807	USA
MT434808	USA
MT434809	USA
MT434810	USA
MT434811	USA
MT434812	USA
MT434813	USA
MT434814	USA
MT434815	USA
MT434816	USA
MT434817	USA
MT435079	India
MT435080	India
MT435081	India
MT435082	India
MT435083	India
MT435084	India
MT435085	India
MT435086	India
MT365028	Hong Kong
MT365029	Hong Kong
MT365030	Hong Kong
MT365031	Hong Kong
MT365032	Hong Kong
MT428551	Kazakhstan
MT428552	Kazakhstan
MT428553	Kazakhstan
MT428554	Kazakhstan
MT429183	USA
MT429184	USA
MT429185	USA
MT429186	USA
MT429187	USA
MT429188	USA
MT429189	USA
MT429190	USA
MT429191	USA
MT432195	USA
MT318827	
MT422806	USA
MT422807	USA
MT215194	Hong Kong
MT215195	Hong Kong
MT270814	Hong Kong
MT270815	Hong Kong
MT276600	Hong Kong
MT418880	USA
MT418881	USA
MT418882	USA
MT418883	USA
MT418884	USA
MT418885	USA
MT418886	USA
MT418887	USA
MT418888	USA
MT418889	USA
MT418890	USA
MT418891	USA
MT418892	USA
MT418893	USA
MT418894	USA
MT419810	Puerto Rico
MT419811	Puerto Rico
MT419812	Puerto Rico
MT419813	Puerto Rico
MT419814	Puerto Rico
MT419815	Puerto Rico
MT419816	Puerto Rico
MT419817	Puerto Rico
MT419818	Puerto Rico
MT419819	Puerto Rico
MT419820	Puerto Rico
MT419821	Puerto Rico
MT419822	Puerto Rico
MT419827	USA
MT419828	USA
MT419829	USA
MT419830	USA
MT419831	USA
MT419832	USA
MT419833	USA
MT419834	USA
MT419835	USA
MT419836	USA
MT419837	USA
MT419838	USA
MT419839	USA
MT419840	USA
MT419841	USA
MT419842	USA
MT419843	USA
MT419844	USA
MT419845	USA
MT419846	USA
MT419847	USA
MT419848	USA
MT419849	USA
MT419850	USA
MT419851	USA
MT419852	USA
MT419853	USA
MT419854	USA
MT419855	USA
MT419856	USA
MT419857	USA
MT419858	USA
MT419859	USA
MT419860	USA
MT412134	China
MT412135	USA
MT412136	USA
MT412137	USA
MT412138	USA
MT412139	USA
MT412140	USA
MT412141	USA
MT412142	USA
MT412143	USA
MT412144	USA
MT412145	USA
MT412146	USA
MT412147	USA
MT412148	USA
MT412149	USA
MT412150	USA
MT412151	USA
MT412152	USA
MT412153	USA
MT412154	USA
MT412155	USA
MT412156	USA
MT412157	USA
MT412158	USA
MT412159	USA
MT412160	USA
MT412161	USA
MT412162	USA
MT412163	USA
MT412164	USA
MT412165	USA
MT412166	USA
MT412167	USA
MT412168	USA
MT412169	USA
MT412170	USA
MT412171	USA
MT412172	USA
MT412173	USA
MT412174	USA
MT412175	USA
MT412176	USA
MT412177	USA
MT412178	USA
MT412179	USA
MT412180	USA
MT412181	USA
MT412182	USA
MT412183	USA
MT412184	USA
MT412185	USA
MT412186	USA
MT412187	USA
MT412188	USA
MT412189	USA
MT412190	USA
MT412191	USA
MT412192	USA
MT412193	USA
MT412194	USA
MT412195	USA
MT412196	USA
MT412197	USA
MT412198	USA
MT412199	USA
MT412200	USA
MT412201	USA
MT412202	USA
MT412203	USA
MT412204	USA
MT412205	USA
MT412206	USA
MT412207	USA
MT412208	USA
MT412209	USA
MT412210	USA
MT412211	USA
MT412212	USA
MT412213	USA
MT412214	USA
MT412215	USA
MT412216	USA
MT412217	USA
MT412218	USA
MT412219	USA
MT412220	USA
MT412221	USA
MT412222	USA
MT412223	USA
MT412224	USA
MT412225	USA
MT412226	USA
MT412227	USA
MT412228	USA
MT412229	USA
MT412230	USA
MT412231	USA
MT412232	USA
MT412233	USA
MT412234	USA
MT412235	USA
MT412236	USA
MT412237	USA
MT412238	USA
MT412239	USA
MT412240	USA
MT412241	USA
MT412242	USA
MT412243	USA
MT412244	USA
MT412245	USA
MT412246	USA
MT412247	USA
MT412248	USA
MT412249	USA
MT412250	USA
MT412251	USA
MT412252	USA
MT412253	USA
MT412254	USA
MT412255	USA
MT412256	USA
MT412257	USA
MT412258	USA
MT412259	USA
MT412260	USA
MT412261	USA
MT412262	USA
MT412263	USA
MT412264	USA
MT412265	USA
MT412266	USA
MT412267	USA
MT412268	USA
MT412269	USA
MT412270	USA
MT412271	USA
MT412272	USA
MT412273	USA
MT412274	USA
MT412275	USA
MT412276	USA
MT412277	USA
MT412278	USA
MT412279	USA
MT412280	USA
MT412281	USA
MT412282	USA
MT412283	USA
MT412284	USA
MT412285	USA
MT412286	USA
MT412287	USA
MT412288	USA
MT412289	USA
MT412290	USA
MT412291	USA
MT412292	USA
MT412293	USA
MT412294	USA
MT412295	USA
MT412296	USA
MT412297	USA
MT412298	USA
MT412299	USA
MT412300	USA
MT412301	USA
MT412302	USA
MT412303	USA
MT412304	USA
MT412305	USA
MT412306	USA
MT412307	USA
MT412308	USA
MT412309	USA
MT412310	USA
MT412311	USA
MT412312	USA
MT412313	USA
MT412314	USA
MT412315	USA
MT412316	USA
MT412317	USA
MT412318	USA
MT412319	USA
MT412320	USA
MT412321	USA
MT412322	USA
MT412323	USA
MT412324	USA
MT412325	USA
MT412326	USA
MT412327	USA
MT412328	USA
MT412329	USA
MT412330	USA
MT412331	USA
MT412332	USA
MT412333	USA
MT412334	USA
MT412335	USA
MT412336	USA
MT412337	USA
MT415320	India
MT415321	India
MT415322	India
MT415323	India
MT415894	USA
MT415895	USA
MT415896	USA
MT415897	USA
MT415898	USA
MT415899	USA
MT415900	USA
MT415901	USA
MT415902	USA
MT415903	USA
MT415904	USA
MT415905	USA
MT415906	USA
MT415907	USA
MT415908	USA
MT415909	USA
MT415910	USA
MT415911	USA
MT415912	USA
MT394528	USA
MT394529	USA
MT394530	USA
MT394531	USA
MT394864	Germany
MT396241	China
MT396242	India
MT396243	India
MT396244	India
MT396245	India
MT396246	India
MT396247	India
MT396248	India
MT396266	Netherlands
MT380728	USA
MT380729	USA
MT380730	USA
MT380731	USA
MT380732	USA
MT380733	USA
MT380734	USA
MT385414	USA
MT385415	USA
MT385416	USA
MT385417	USA
MT385418	USA
MT385419	USA
MT385420	USA
MT385421	USA
MT385422	USA
MT385423	USA
MT385424	USA
MT385425	USA
MT385426	USA
MT385427	USA
MT385428	USA
MT385429	USA
MT385430	USA
MT385431	USA
MT385432	USA
MT385433	USA
MT385434	USA
MT385435	USA
MT385436	USA
MT385437	USA
MT385438	USA
MT385439	USA
MT385440	USA
MT385441	USA
MT385442	USA
MT385443	USA
MT385444	USA
MT385445	USA
MT385446	USA
MT385447	USA
MT385448	USA
MT385449	USA
MT385450	USA
MT385451	USA
MT385452	USA
MT385453	USA
MT385454	USA
MT385455	USA
MT385456	USA
MT385457	USA
MT385458	USA
MT385459	USA
MT385460	USA
MT385461	USA
MT385462	USA
MT385463	USA
MT385464	USA
MT385465	USA
MT385466	USA
MT385467	USA
MT385468	USA
MT385469	USA
MT385470	USA
MT385471	USA
MT385472	USA
MT385473	USA
MT385474	USA
MT385475	USA
MT385476	USA
MT385477	USA
MT385478	USA
MT385479	USA
MT385480	USA
MT385481	USA
MT385482	USA
MT385483	USA
MT385484	USA
MT385485	USA
MT385486	USA
MT385487	USA
MT385488	USA
MT385489	USA
MT385490	USA
MT385491	USA
MT385492	USA
MT385493	USA
MT385494	USA
MT385495	USA
MT385496	USA
MT385497	USA
MT186683	Hong Kong
MT252677	USA
MT252678	USA
MT252679	USA
MT252680	USA
MT252681	USA
MT252682	USA
MT252683	USA
MT252684	USA
MT252685	USA
MT252686	USA
MT252687	USA
MT252688	USA
MT252689	USA
MT252690	USA
MT252691	USA
MT252692	USA
MT252693	USA
MT252694	USA
MT252695	USA
MT252696	USA
MT252697	USA
MT252698	USA
MT252699	USA
MT252700	USA
MT252701	USA
MT252702	USA
MT252703	USA
MT252704	USA
MT252705	USA
MT252706	USA
MT252707	USA
MT252708	USA
MT252709	USA
MT252710	USA
MT252711	USA
MT252712	USA
MT252713	USA
MT252715	USA
MT252716	USA
MT252717	USA
MT252719	USA
MT252721	USA
MT252723	USA
MT252725	USA
MT252726	USA
MT252728	USA
MT252729	USA
MT252730	USA
MT252733	USA
MT252734	USA
MT252735	USA
MT252736	USA
MT252737	USA
MT252738	USA
MT252739	USA
MT252740	USA
MT252741	USA
MT252742	USA
MT252745	USA
MT252746	USA
MT252747	USA
MT252748	USA
MT252749	USA
MT252756	USA
MT252757	USA
MT252758	USA
MT252761	USA
MT252763	USA
MT252764	USA
MT252765	USA
MT252766	USA
MT252767	USA
MT252768	USA
MT252769	USA
MT252770	USA
MT252771	USA
MT252772	USA
MT252773	USA
MT252774	USA
MT252775	USA
MT252778	USA
MT252779	USA
MT252780	USA
MT252781	USA
MT252782	USA
MT252783	USA
MT252784	USA
MT252785	USA
MT252787	USA
MT252788	USA
MT252792	USA
MT252793	USA
MT252794	USA
MT252795	USA
MT252797	USA
MT252798	USA
MT252799	USA
MT252800	USA
MT252801	USA
MT252802	USA
MT252803	USA
MT252804	USA
MT252805	USA
MT252806	USA
MT252807	USA
MT252808	USA
MT252809	USA
MT252810	USA
MT252811	USA
MT252821	USA
MT252822	USA
MT252823	USA
MT252824	USA
MT339043	USA
MT365033	USA
MT374101	Taiwan
MT374102	Taiwan
MT374103	Taiwan
MT374104	Taiwan
MT374105	Taiwan
MT374106	Taiwan
MT374107	Taiwan
MT374108	Taiwan
MT374109	Taiwan
MT374110	Taiwan
MT374111	Taiwan
MT374112	Taiwan
MT374113	Taiwan
MT374114	Taiwan
MT374115	Taiwan
MT374116	Taiwan
MT375428	USA
MT375429	USA
MT375430	USA
MT375431	USA
MT375432	USA
MT375433	USA
MT375434	USA
MT375435	USA
MT375436	USA
MT375437	USA
MT375438	USA
MT375439	USA
MT375440	USA
MT375441	USA
MT375442	USA
MT375443	USA
MT375444	USA
MT375445	USA
MT375446	USA
MT375447	USA
MT375448	USA
MT375449	USA
MT375450	USA
MT375451	USA
MT375452	USA
MT375453	USA
MT375454	USA
MT375455	USA
MT375456	USA
MT375457	USA
MT375458	USA
MT375459	USA
MT375460	USA
MT375461	USA
MT375462	USA
MT375463	USA
MT375464	USA
MT375465	USA
MT375466	USA
MT375467	USA
MT375468	USA
MT375469	USA
MT375470	USA
MT375471	USA
MT375472	USA
MT375473	USA
MT375474	USA
MT375475	USA
MT375476	USA
MT375477	USA
MT375478	USA
MT375479	USA
MT375480	USA
MT375481	USA
MT375482	USA
MT375483	USA
MT370516	Taiwan
MT370517	Taiwan
MT370518	Taiwan
MT370831	USA
MT370832	USA
MT370833	USA
MT370834	USA
MT370835	USA
MT370836	USA
MT370837	USA
MT370838	USA
MT370839	USA
MT370840	USA
MT370841	USA
MT370842	USA
MT370843	USA
MT370844	USA
MT370845	USA
MT370846	USA
MT370847	USA
MT370848	USA
MT370849	USA
MT370850	USA
MT370851	USA
MT370852	USA
MT370853	USA
MT370854	USA
MT370855	USA
MT370856	USA
MT370857	USA
MT370858	USA
MT370859	USA
MT370860	USA
MT370861	USA
MT370862	USA
MT370863	USA
MT370864	USA
MT370865	USA
MT370866	USA
MT370867	USA
MT370868	USA
MT370869	USA
MT370870	USA
MT370871	USA
MT370872	USA
MT370873	USA
MT370874	USA
MT370875	USA
MT370876	USA
MT370877	USA
MT370878	USA
MT370879	USA
MT370880	USA
MT370881	USA
MT370882	USA
MT370883	USA
MT370884	USA
MT370885	USA
MT370886	USA
MT370887	USA
MT370888	USA
MT370889	USA
MT370890	USA
MT370891	USA
MT370892	USA
MT370893	USA
MT370894	USA
MT370895	USA
MT370896	USA
MT370897	USA
MT370898	USA
MT370899	USA
MT370900	USA
MT370901	USA
MT370902	USA
MT370903	USA
MT370904	USA
MT370905	USA
MT370906	USA
MT370907	USA
MT370908	USA
MT370909	USA
MT370910	USA
MT370911	USA
MT370912	USA
MT370913	USA
MT370914	USA
MT370915	USA
MT370916	USA
MT370917	USA
MT370918	USA
MT370919	USA
MT370920	USA
MT370921	USA
MT370922	USA
MT370923	USA
MT370924	USA
MT370925	USA
MT370926	USA
MT370927	USA
MT370928	USA
MT370929	USA
MT370930	USA
MT370931	USA
MT370932	USA
MT370933	USA
MT370934	USA
MT370935	USA
MT370936	USA
MT370937	USA
MT370938	USA
MT370939	USA
MT370940	USA
MT370941	USA
MT370942	USA
MT370943	USA
MT370944	USA
MT370945	USA
MT370946	USA
MT370947	USA
MT370948	USA
MT370949	USA
MT370950	USA
MT370951	USA
MT370952	USA
MT370953	USA
MT370954	USA
MT370955	USA
MT370956	USA
MT370957	USA
MT370958	USA
MT370959	USA
MT370960	USA
MT370961	USA
MT370962	USA
MT370963	USA
MT370964	USA
MT370965	USA
MT370966	USA
MT370967	USA
MT370968	USA
MT370969	USA
MT370970	USA
MT370971	USA
MT370972	USA
MT370973	USA
MT370974	USA
MT370975	USA
MT370976	USA
MT370977	USA
MT370978	USA
MT370979	USA
MT370980	USA
MT370981	USA
MT370982	USA
MT370983	USA
MT370984	USA
MT370985	USA
MT370986	USA
MT370987	USA
MT370988	USA
MT370989	USA
MT370990	USA
MT370991	USA
MT370992	USA
MT370993	USA
MT370994	USA
MT370995	USA
MT370996	USA
MT370997	USA
MT370998	USA
MT370999	USA
MT371000	USA
MT371001	USA
MT371002	USA
MT371003	USA
MT371004	USA
MT371005	USA
MT371006	USA
MT371007	USA
MT371008	USA
MT371009	USA
MT371010	USA
MT371011	USA
MT371012	USA
MT371013	USA
MT371014	USA
MT371015	USA
MT371016	USA
MT371017	USA
MT371018	USA
MT371019	USA
MT371020	USA
MT371021	USA
MT371022	USA
MT371023	USA
MT371024	USA
MT371025	USA
MT371026	USA
MT371027	USA
MT371028	USA
MT371029	USA
MT371030	USA
MT371031	USA
MT371032	USA
MT371033	USA
MT371034	USA
MT371035	USA
MT371036	USA
MT371037	USA
MT371038	USA
MT371047	Sri Lanka
MT371048	Sri Lanka
MT371049	Sri Lanka
MT371050	Sri Lanka
MT371568	Czech Republic
MT371569	Czech Republic
MT371570	Czech Republic
MT371571	Czech Republic
MT371572	Czech Republic
MT371573	Czech Republic
MT371574	Czech Republic
MT372480	Malaysia
MT372481	Malaysia
MT372482	Malaysia
MT372483	Malaysia
LC542976	Japan
LC542809	Japan
MT114412	Hong Kong
MT114413	Hong Kong
MT114414	Hong Kong
MT114415	Hong Kong
MT114416	Hong Kong
MT114417	Hong Kong
MT114418	Hong Kong
MT114419	Hong Kong
MT230904	Hong Kong
MT358401	USA
MT358402	USA
MT358637	India
MT358644	USA
MT358645	USA
MT358646	USA
MT358647	USA
MT358648	USA
MT358649	USA
MT358650	USA
MT358651	USA
MT358652	USA
MT358653	USA
MT358654	USA
MT358655	USA
MT358656	USA
MT358657	USA
MT358658	USA
MT358659	USA
MT358660	USA
MT358661	USA
MT358662	USA
MT358663	USA
MT358664	USA
MT358665	USA
MT358666	USA
MT358667	USA
MT358668	USA
MT358669	USA
MT358670	USA
MT358671	USA
MT358672	USA
MT358673	USA
MT358674	USA
MT358675	USA
MT358676	USA
MT358677	USA
MT358678	USA
MT358679	USA
MT358680	USA
MT358681	USA
MT358682	USA
MT358683	USA
MT358684	USA
MT358685	USA
MT358686	USA
MT358687	USA
MT358688	USA
MT358689	USA
MT358690	USA
MT358691	USA
MT358692	USA
MT358693	USA
MT358694	USA
MT358695	USA
MT358696	USA
MT358697	USA
MT358698	USA
MT358699	USA
MT358700	USA
MT358701	USA
MT358702	USA
MT358703	USA
MT358704	USA
MT358705	USA
MT358706	USA
MT358707	USA
MT358708	USA
MT358709	USA
MT358710	USA
MT358711	USA
MT358712	USA
MT358713	USA
MT358714	USA
MT358715	USA
MT358716	USA
MT358717	USA
MT358718	USA
MT358719	USA
MT358720	USA
MT358721	USA
MT358722	USA
MT358723	USA
MT358724	USA
MT358725	USA
MT358726	USA
MT358727	USA
MT358728	USA
MT358729	USA
MT358730	USA
MT358731	USA
MT358732	USA
MT358733	USA
MT358734	USA
MT358735	USA
MT358736	USA
MT358737	USA
MT358738	USA
MT358739	USA
MT358740	USA
MT358741	USA
MT358742	USA
MT358743	USA
MT358744	USA
MT358745	USA
MT358746	USA
MT358747	USA
MT358748	USA
MT359865	Spain
MT359866	Spain
MT350236	USA
MT350237	USA
MT350238	USA
MT350239	USA
MT350240	USA
MT350241	USA
MT350242	USA
MT350243	USA
MT350244	USA
MT350245	USA
MT350246	USA
MT350247	USA
MT350248	USA
MT350249	USA
MT350250	USA
MT350251	USA
MT350252	USA
MT350253	USA
MT350254	USA
MT350255	USA
MT350256	USA
MT350257	USA
MT350263	USA
MT350264	USA
MT350265	USA
MT350266	USA
MT350267	USA
MT350268	USA
MT350269	USA
MT350270	USA
MT350271	USA
MT350272	USA
MT350273	USA
MT350274	USA
MT350275	USA
MT350276	USA
MT350277	USA
MT350278	USA
MT350279	USA
MT350280	USA
MT350282	Brazil
MT344944	USA
MT344945	USA
MT344946	USA
MT344947	USA
MT344948	USA
MT344949	USA
MT344950	USA
MT344951	USA
MT344952	USA
MT344953	USA
MT344954	USA
MT344955	USA
MT344956	USA
MT344957	USA
MT344958	USA
MT344959	USA
MT344960	USA
MT344961	USA
MT344962	USA
MT344963	USA
MT345798	USA
MT345799	USA
MT345800	USA
MT345801	USA
MT345802	USA
MT345803	USA
MT345804	USA
MT345805	USA
MT345806	USA
MT345807	USA
MT345808	USA
MT345809	USA
MT345810	USA
MT345811	USA
MT345812	USA
MT345813	USA
MT345814	USA
MT345815	USA
MT345816	USA
MT345817	USA
MT345818	USA
MT345819	USA
MT345820	USA
MT345821	USA
MT345822	USA
MT345823	USA
MT345824	USA
MT345825	USA
MT345826	USA
MT345827	USA
MT345828	USA
MT345829	USA
MT345830	USA
MT345831	USA
MT345832	USA
MT345833	USA
MT345834	USA
MT345835	USA
MT345836	USA
MT345837	USA
MT345838	USA
MT345839	USA
MT345840	USA
MT345841	USA
MT345842	USA
MT345843	USA
MT345844	USA
MT345845	USA
MT345846	USA
MT345847	USA
MT345848	USA
MT345849	USA
MT345850	USA
MT345851	USA
MT345852	USA
MT345853	USA
MT345854	USA
MT345855	USA
MT345856	USA
MT345857	USA
MT345858	USA
MT345859	USA
MT345860	USA
MT345861	USA
MT345862	USA
MT345863	USA
MT345864	USA
MT345865	USA
MT345866	USA
MT345867	USA
MT345868	USA
MT345869	USA
MT345870	USA
MT345871	USA
MT345872	USA
MT345873	USA
MT345874	USA
MT345875	USA
MT345876	USA
MT345877	USA
MT345878	USA
MT345879	USA
MT345880	USA
MT345881	USA
MT345882	USA
MT345883	USA
MT345884	USA
MT345885	USA
MT345886	USA
MT345887	USA
MT345888	USA
MT339039	USA
MT339040	USA
MT339041	USA
MT334522	USA
MT334523	USA
MT334524	USA
MT334525	USA
MT334526	USA
MT334527	USA
MT334528	USA
MT334529	USA
MT334530	USA
MT334531	USA
MT334532	USA
MT334533	USA
MT334534	USA
MT334535	USA
MT334536	USA
MT334537	USA
MT334538	USA
MT334539	USA
MT334540	USA
MT334541	USA
MT334542	USA
MT334543	USA
MT334544	USA
MT334545	USA
MT334546	USA
MT334547	USA
MT334548	USA
MT334549	USA
MT334550	USA
MT334551	USA
MT334552	USA
MT334553	USA
MT334554	USA
MT334555	USA
MT334556	USA
MT334557	USA
MT334558	USA
MT334559	USA
MT334560	USA
MT334561	USA
MT334562	USA
MT334563	USA
MT334564	USA
MT334565	USA
MT334566	USA
MT334567	USA
MT334568	USA
MT334569	USA
MT334570	USA
MT334571	USA
MT334572	USA
MT334573	USA
MT324062	South Africa
MT324684	USA
MT325561	USA
MT325562	USA
MT325563	USA
MT325564	USA
MT325565	USA
MT325566	USA
MT325567	USA
MT325568	USA
MT325569	USA
MT325570	USA
MT325571	USA
MT325572	USA
MT325573	USA
MT325574	USA
MT325575	USA
MT325576	USA
MT325577	USA
MT325578	USA
MT325579	USA
MT325580	USA
MT325581	USA
MT325582	USA
MT325583	USA
MT325584	USA
MT325585	USA
MT325586	USA
MT325587	USA
MT325588	USA
MT325589	USA
MT325590	USA
MT325591	USA
MT325592	USA
MT325593	USA
MT325594	USA
MT325595	USA
MT325596	USA
MT325597	USA
MT325598	USA
MT325599	USA
MT325600	USA
MT325601	USA
MT325602	USA
MT325603	USA
MT325604	USA
MT325605	USA
MT325606	USA
MT325607	USA
MT325608	USA
MT325609	USA
MT325610	USA
MT325611	USA
MT325612	USA
MT325613	USA
MT325614	USA
MT325615	USA
MT325616	USA
MT325617	USA
MT325618	USA
MT325619	USA
MT325620	USA
MT325621	USA
MT325622	USA
MT325623	USA
MT325624	USA
MT325625	USA
MT325626	USA
MT325627	USA
MT325628	USA
MT325629	USA
MT325630	USA
MT325631	USA
MT325632	USA
MT325633	USA
MT325634	USA
MT325635	USA
MT325636	USA
MT325637	USA
MT325638	USA
MT325639	USA
MT325640	USA
MT326023	USA
MT326024	USA
MT326025	USA
MT326026	USA
MT326027	USA
MT326028	USA
MT326029	USA
MT326030	USA
MT326031	USA
MT326032	USA
MT326033	USA
MT326034	USA
MT326035	USA
MT326036	USA
MT326037	USA
MT326038	USA
MT326039	USA
MT326040	USA
MT326041	USA
MT326042	USA
MT326043	USA
MT326044	USA
MT326045	USA
MT326046	USA
MT326047	USA
MT326048	USA
MT326049	USA
MT326050	USA
MT326051	USA
MT326052	USA
MT326053	USA
MT326054	USA
MT326055	USA
MT326056	USA
MT326057	USA
MT326058	USA
MT326059	USA
MT326060	USA
MT326061	USA
MT326062	USA
MT326063	USA
MT326064	USA
MT326065	USA
MT326066	USA
MT326067	USA
MT326068	USA
MT326069	USA
MT326070	USA
MT326071	USA
MT326072	USA
MT326073	USA
MT326074	USA
MT326075	USA
MT326076	USA
MT326077	USA
MT326078	USA
MT326079	USA
MT326080	USA
MT326081	USA
MT326082	USA
MT326083	USA
MT326084	USA
MT326085	USA
MT326086	USA
MT326087	USA
MT326088	USA
MT326089	USA
MT326090	USA
MT326091	USA
MT326092	USA
MT326093	USA
MT326094	USA
MT326095	USA
MT326096	USA
MT326097	USA
MT326098	USA
MT326099	USA
MT326100	USA
MT326101	USA
MT326102	USA
MT326103	USA
MT326104	USA
MT326105	USA
MT326106	USA
MT326107	USA
MT326108	USA
MT326109	USA
MT326110	USA
MT326111	USA
MT326112	USA
MT326113	USA
MT326114	USA
MT326115	USA
MT326116	USA
MT326117	USA
MT326118	USA
MT326119	USA
MT326120	USA
MT326121	USA
MT326122	USA
MT326123	USA
MT326124	USA
MT326125	USA
MT326126	USA
MT326127	USA
MT326128	USA
MT326129	USA
MT326130	USA
MT326131	USA
MT326132	USA
MT326133	USA
MT326134	USA
MT326135	USA
MT326136	USA
MT326137	USA
MT326138	USA
MT326139	USA
MT326140	USA
MT326141	USA
MT326142	USA
MT326143	USA
MT326144	USA
MT326145	USA
MT326146	USA
MT326147	USA
MT326148	USA
MT326149	USA
MT326150	USA
MT326151	USA
MT326152	USA
MT326153	USA
MT326154	USA
MT326155	USA
MT326156	USA
MT326157	USA
MT326158	USA
MT326159	USA
MT326160	USA
MT326161	USA
MT326162	USA
MT326163	USA
MT326164	USA
MT326165	USA
MT326166	USA
MT326167	USA
MT326168	USA
MT326169	USA
MT326170	USA
MT326171	USA
MT326172	USA
MT326173	USA
MT326174	USA
MT326175	USA
MT326176	USA
MT326177	USA
MT326178	USA
MT326179	USA
MT326180	USA
MT326181	USA
MT326182	USA
MT326183	USA
MT326184	USA
MT326185	USA
MT326186	USA
MT326187	USA
MT326188	USA
MT326189	USA
MT326190	USA
MT326191	USA
MT327745	Turkey
MT328032	Greece
MT328033	Greece
MT328034	Greece
MT328035	Greece
MT039874	China
MT077125	Italy
MT322394	USA
MT322395	USA
MT322396	USA
MT322397	USA
MT322398	USA
MT322399	USA
MT322400	USA
MT322401	USA
MT322402	USA
MT322403	USA
MT322404	USA
MT322405	USA
MT322406	USA
MT322407	USA
MT322408	USA
MT322409	USA
MT322410	USA
MT322411	USA
MT322412	USA
MT322413	USA
MT322414	USA
MT322415	USA
MT322416	USA
MT322417	USA
MT322418	USA
MT322419	USA
MT322420	USA
MT322421	USA
MT322422	USA
MT322423	USA
MT322424	USA
MT320538	France
MT320891	Iran
MT308692	USA
MT308693	USA
MT308694	USA
MT308695	USA
MT308696	USA
MT308697	USA
MT308698	USA
MT308699	USA
MT308700	USA
MT308702	USA
MT308703	USA
MT308704	USA
MT300186	USA
MT304474	South Korea
MT304475	South Korea
MT304476	South Korea
MT304477	USA
MT304478	USA
MT304479	USA
MT304480	USA
MT304481	USA
MT304482	USA
MT304483	USA
MT304484	USA
MT304485	USA
MT304486	USA
MT304487	USA
MT304488	USA
MT304489	USA
MT304490	USA
MT304491	USA
MT281530	Iran
MT281577	China
MT291826	China
MT291827	China
MT291828	China
MT291829	China
MT291830	China
MT291831	China
MT291832	China
MT291833	China
MT291834	China
MT291835	China
MT291836	China
MT292569	Spain
MT292570	Spain
MT292571	Spain
MT292572	Spain
MT292573	Spain
MT292574	Spain
MT292575	Spain
MT292576	Spain
MT292577	Spain
MT292578	Spain
MT292579	Spain
MT292580	Spain
MT292581	Spain
MT292582	Spain
MT293156	USA
MT293157	USA
MT293158	USA
MT293159	USA
MT293160	USA
MT293161	USA
MT293162	USA
MT293163	USA
MT293164	USA
MT293165	USA
MT293166	USA
MT293167	USA
MT293168	USA
MT293169	USA
MT293170	USA
MT293171	USA
MT293172	USA
MT293173	USA
MT293174	USA
MT293175	USA
MT293176	USA
MT293177	USA
MT293178	USA
MT293179	USA
MT293180	USA
MT293181	USA
MT293182	USA
MT293183	USA
MT293184	USA
MT293185	USA
MT293186	USA
MT293187	USA
MT293188	USA
MT293189	USA
MT293190	USA
MT293191	USA
MT293192	USA
MT293193	USA
MT293194	USA
MT293195	USA
MT293196	USA
MT293197	USA
MT293198	USA
MT293199	USA
MT293200	USA
MT293201	USA
MT293202	USA
MT293203	USA
MT293204	USA
MT293205	USA
MT293206	USA
MT293207	USA
MT293208	USA
MT293209	USA
MT293210	USA
MT293211	USA
MT293212	USA
MT293213	USA
MT293214	USA
MT293215	USA
MT293216	USA
MT293217	USA
MT293218	USA
MT293219	USA
MT293220	USA
MT293221	USA
MT293222	USA
MT293223	USA
MT293224	USA
MT293225	USA
MT295464	USA
MT295465	USA
MT276323	USA
MT276324	USA
MT276325	USA
MT276326	USA
MT276327	USA
MT276328	USA
MT276329	USA
MT276330	USA
MT276597	Israel
MT276598	Israel
MT262896	USA
MT262897	USA
MT262898	USA
MT262899	USA
MT262900	USA
MT262901	USA
MT262902	USA
MT262903	USA
MT262904	USA
MT262905	USA
MT262906	USA
MT262907	USA
MT262908	USA
MT262909	USA
MT262910	USA
MT262911	USA
MT262912	USA
MT262913	USA
MT262914	USA
MT262915	USA
MT262916	USA
MT262993	Pakistan
MT263074	Peru
MT263381	USA
MT263382	USA
MT263383	USA
MT263384	USA
MT263385	USA
MT263386	USA
MT263387	USA
MT263388	USA
MT263389	USA
MT263390	USA
MT263391	USA
MT263392	USA
MT263393	USA
MT263394	USA
MT263395	USA
MT263396	USA
MT263397	USA
MT263398	USA
MT263399	USA
MT263400	USA
MT263401	USA
MT263402	USA
MT263403	USA
MT263404	USA
MT263405	USA
MT263406	USA
MT263407	USA
MT263408	USA
MT263409	USA
MT263410	USA
MT263411	USA
MT263412	USA
MT263413	USA
MT263414	USA
MT263415	USA
MT263416	USA
MT263417	USA
MT263418	USA
MT263419	USA
MT263420	USA
MT263421	USA
MT263422	USA
MT263423	USA
MT263424	USA
MT263425	USA
MT263426	USA
MT263427	USA
MT263428	USA
MT263429	USA
MT263430	USA
MT263431	USA
MT263432	USA
MT263433	USA
MT263434	USA
MT263435	USA
MT263436	USA
MT263437	USA
MT263438	USA
MT263439	USA
MT263440	USA
MT263441	USA
MT263442	USA
MT263443	USA
MT263444	USA
MT263445	USA
MT263446	USA
MT263447	USA
MT263448	USA
MT263449	USA
MT263450	USA
MT263451	USA
MT263452	USA
MT263453	USA
MT263454	USA
MT263455	USA
MT263456	USA
MT263457	USA
MT263458	USA
MT263459	USA
MT263460	USA
MT263461	USA
MT263462	USA
MT263463	USA
MT263464	USA
MT263465	USA
MT263466	USA
MT263467	USA
MT263468	USA
MT263469	USA
MT256917	Spain
MT256918	Spain
MT256924	Colombia
MT258377	USA
MT258378	USA
MT258379	USA
MT258380	USA
MT258381	USA
MT258382	USA
MT258383	USA
MT259226	China
MT259227	China
MT259228	China
MT259229	China
MT259230	China
MT259231	China
MT259235	USA
MT259236	USA
MT259237	USA
MT259238	USA
MT259239	USA
MT259240	USA
MT259241	USA
MT259242	USA
MT259243	USA
MT259244	USA
MT259245	USA
MT259246	USA
MT259247	USA
MT259248	USA
MT259249	USA
MT259250	USA
MT259251	USA
MT259252	USA
MT259253	USA
MT259254	USA
MT259255	USA
MT259256	USA
MT259257	USA
MT259258	USA
MT259259	USA
MT259260	USA
MT259261	USA
MT259262	USA
MT259263	USA
MT259264	USA
MT259265	USA
MT259266	USA
MT259267	USA
MT259268	USA
MT259269	USA
MT259270	USA
MT259271	USA
MT259272	USA
MT259273	USA
MT259274	USA
MT259275	USA
MT259276	USA
MT259277	USA
MT259278	USA
MT259279	USA
MT259280	USA
MT259281	USA
MT259282	USA
MT259283	USA
MT259284	USA
MT259285	USA
MT259286	USA
MT259287	USA
LC534418	Japan
LC534419	Japan
MT251972	USA
MT251973	USA
MT251974	USA
MT251975	USA
MT251976	USA
MT251977	USA
MT251978	USA
MT251979	USA
MT251980	USA
MT253696	China
MT253697	China
MT253698	China
MT253699	China
MT253700	China
MT253701	China
MT253702	China
MT253703	China
MT253704	China
MT253705	China
MT253706	China
MT253707	China
MT253708	China
MT253709	China
MT253710	China
MT233526	USA
MT246449	USA
MT246450	USA
MT246451	USA
MT246452	USA
MT246453	USA
MT246454	USA
MT246455	USA
MT246456	USA
MT246457	USA
MT246458	USA
MT246459	USA
MT246460	USA
MT246461	USA
MT246462	USA
MT246463	USA
MT246464	USA
MT246465	USA
MT246466	USA
MT246467	USA
MT246468	USA
MT246469	USA
MT246470	USA
MT246471	USA
MT246472	USA
MT246473	USA
MT246474	USA
MT246475	USA
MT246476	USA
MT246477	USA
MT246478	USA
MT246479	USA
MT246480	USA
MT246481	USA
MT246482	USA
MT246483	USA
MT246484	USA
MT246485	USA
MT246486	USA
MT246487	USA
MT246488	USA
MT246489	USA
MT246490	USA
MT246667	USA
MT240479	Pakistan
MT233519	Spain
MT233520	Spain
MT233521	Spain
MT233522	Spain
MT233523	Spain
MT226610	China
MT198651	Spain
MT198652	Spain
MT198653	Spain
MT192759	Taiwan
MT192765	USA
MT192772	Vietnam
MT192773	Vietnam
MT188339	USA
MT188340	USA
MT188341	USA
MT184907	USA
MT184908	USA
MT184909	USA
MT184910	USA
MT184911	USA
MT184912	USA
MT184913	USA
MT163716	USA
MT163717	USA
MT163718	USA
MT163719	USA
MT163720	USA
MT163721	USA
MT066156	Italy
MT121215	China
MT159705	USA
MT159706	USA
MT159707	USA
MT159708	USA
MT159709	USA
MT159710	USA
MT159711	USA
MT159712	USA
MT159713	USA
MT159714	USA
MT159715	USA
MT159716	USA
MT159717	USA
MT159718	USA
MT159719	USA
MT159720	USA
MT159721	USA
MT159722	USA
LC529905	Japan
MT012098	India
MT050493	India
MT152824	USA
MT135041	China
MT135042	China
MT135043	China
MT135044	China
MT126808	Brazil
LC528232	Japan
LC528233	Japan
MT123290	China
MT123291	China
MT123292	China
MT123293	China
MT118835	USA
MT106052	USA
MT106053	USA
MT106054	USA
MT093571	Sweden
MT093631	China
MT072688	Nepal
MT066175	Taiwan
MT066176	Taiwan
MT044257	USA
MT044258	USA
MT049951	China
MT039873	China
MT039887	USA
MT039888	USA
MT039890	South Korea
MT027062	USA
MT027063	USA
MT027064	USA
MT019529	China
MT019530	China
MT019531	China
MT019532	China
MT019533	China
MT020781	Finland
MT020880	USA
MT020881	USA
LR757995	China
LR757996	China
LR757997	China
LR757998	China
MT007544	Australia
MN996527	China
MN996528	China
MN996529	China
MN996530	China
MN996531	China
MN988668	China
MN988669	China
MN994467	USA
MN994468	USA
MN997409	USA
MN988713	USA
MN938384	China
MN975262	China
MN985325	USA
MN908947	China
