Accession,Geo_Location
NC_045512,China
MT539158,Bangladesh
MT539159,Bangladesh
MT539160,Bangladesh
MT539161,USA: Georgia
MT539162,USA: Georgia
MT539163,USA: Georgia
MT539164,India: Vadodara
MT539165,India: Vadodara
MT539166,India: Vadodara
MT539167,India: Vadodara
MT539168,India: Vadodara
MT539169,India: Vadodara
MT539170,India: Rajkot
MT539171,India: Vadodara
MT539172,India: Vadodara
MT539173,India: Vadodara
MT539174,India: Rajkot
MT539175,India: Vadodara
MT539176,India: Vadodara
MT407649,China: Zhejiang
MT407650,China: Zhejiang
MT407651,China: Zhejiang
MT407652,China: Zhejiang
MT407653,China: Zhejiang
MT407654,China: Zhejiang
MT407655,China: Zhejiang
MT407656,China: Zhejiang
MT407657,China: Zhejiang
MT407658,China: Zhejiang
MT407659,China: Zhejiang
MT534285,Czech Republic
MT534303,USA: CA
MT534304,USA: CA
MT534305,USA: CA
MT534306,USA: CA
MT534307,USA: CA
MT534308,USA: CA
MT534309,USA: CA
MT534310,USA: CA
MT534311,USA: CA
MT534312,USA: CA
MT534313,USA: CA
MT534314,USA: CA
MT534315,USA: CA
MT534316,USA: CA
MT534317,USA: CA
MT534318,USA: CA
MT534319,USA: CA
MT534320,USA: CA
MT534321,USA: CA
MT534322,USA: CA
MT534323,USA: CA
MT534324,USA: CA
MT534325,USA: CA
MT534326,USA: CA
MT534327,USA: CA
MT534328,USA: CA
MT534329,USA: CA
MT534330,USA: CA
MT534331,USA: CA
MT534332,USA: CA
MT534333,USA: CA
MT534334,USA: CA
MT534335,USA: CA
MT534336,USA: CA
MT534337,USA: CA
MT534338,USA: CA
MT534339,USA: CA
MT534630,China: Jiangsu
MT535472,USA
MT535473,USA
MT535474,USA
MT535475,USA
MT535476,USA
MT535477,USA
MT535478,USA
MT535479,USA
MT535480,USA
MT535481,USA
MT535482,USA
MT535483,USA
MT535484,USA
MT535485,USA
MT535486,USA
MT535487,USA
MT535488,USA
MT535489,USA
MT535490,USA
MT535491,USA
MT535492,USA
MT535493,USA
MT535494,USA
MT535495,USA
MT535496,USA
MT535497,USA
MT535498,USA
MT535499,USA
MT535500,USA
MT535501,USA
MT535502,USA
MT535503,USA
MT535504,USA
MT535505,USA
MT535506,USA
MT535507,USA
MT535508,USA
MT535509,USA
MT536176,USA: NAPOLEONVILLE
MT536177,USA: New Orleans
MT536178,USA: LACOMBE
MT536179,USA: MARRERO
MT536180,USA: New Orleans
MT536181,USA: METAIRIE
MT536182,USA: CHALMETTE
MT536183,USA: VIOLET
MT536184,USA: SLIDELL
MT536185,USA: New Orleans
MT536186,USA: New Orleans
MT536187,USA: HAMMOND
MT536188,USA: KENNER
MT536189,USA: AVONDALE
MT536190,USA: METAIRIE
MT536954,USA
MT536955,USA
MT536956,USA
MT536957,USA
MT536958,USA
MT536959,USA
MT536960,USA
MT536961,USA
MT536962,USA
MT536963,USA
MT536964,USA
MT536965,USA
MT536966,USA
MT536967,USA
MT536968,USA
MT536969,USA
MT536970,USA
MT536971,USA
MT536972,USA
MT536973,USA
MT536974,USA
MT536975,USA
MT536976,USA
MT536977,USA
MT525950,Italy: Lazio
MT527178,Italy: Lazio
MT527184,Italy: Lazio
MT528235,Italy: Lazio
MT528237,Italy: Lazio
MT528238,Italy: Lazio
MT528239,Italy: Lazio
MT528598,USA
MT528599,USA
MT528600,USA
MT528601,USA
MT528602,USA
MT528603,USA
MT528604,USA
MT528605,USA
MT528606,USA
MT528607,USA
MT528608,USA
MT528609,USA
MT528610,USA
MT528611,USA
MT528612,USA
MT528613,USA
MT528614,USA
MT528615,USA
MT528616,USA
MT528617,USA
MT528618,USA
MT528619,USA
MT528620,USA
MT528621,USA
MT528622,USA
MT528623,USA
MT528624,USA
MT528625,USA
MT528626,USA
MT528627,USA
MT528628,USA
MT528629,USA
MT528630,USA
MT528631,USA
MT531537,Italy
MT532435,USA
MT532436,USA
MT532437,USA
MT532438,USA
MT532557,USA
MT533197,USA
MT533198,USA
MT533199,USA
MT533200,USA
MT533201,USA
MT533202,USA
MT533203,USA
MT533204,USA: CA
MT533205,USA: CA
MT533206,USA: CA
MT533207,USA: CA
MT533208,USA: CA
MT533209,USA: CA
MT533210,USA: CA
MT533211,USA: CA
MT533212,USA: CA
MT533213,USA: CA
MT533214,USA: CA
MT533215,USA: CA
MT533216,USA: CA
MT533217,USA: CA
MT533218,USA: CA
MT533219,USA: CA
MT533220,USA: CA
MT533221,USA: CA
MT533222,USA: CA
MT533223,USA: CA
MT533224,USA: CA
MT533225,USA: CA
MT533226,USA: CA
MT533227,USA: CA
MT533228,USA: CA
MT533229,USA: CA
MT533230,USA: CA
MT533231,USA: CA
MT533232,USA: CA
MT533233,USA: CA
MT533234,USA: CA
MT533235,USA: CA
MT533236,USA: CA
MT533237,USA: CA
MT533238,USA: CA
MT506974,USA: FL
MT506975,USA: FL
MT506976,USA: FL
MT506977,USA: FL
MT506978,USA: FL
MT506979,USA: FL
MT506980,USA: FL
MT506981,USA: FL
MT506982,USA: FL
MT506983,USA: FL
MT506984,USA: FL
MT506985,USA: FL
MT506986,USA: FL
MT506987,USA: FL
MT506988,USA: FL
MT506989,USA: FL
MT506990,USA: FL
MT506991,USA: FL
MT506992,USA: FL
MT506993,USA: FL
MT506994,USA: FL
MT506995,USA: FL
MT506996,USA: FL
MT506997,USA: FL
MT506998,USA: FL
MT506999,USA: FL
MT507000,USA: FL
MT507001,USA: FL
MT507002,USA: FL
MT507003,USA: FL
MT507004,USA: FL
MT507005,USA: FL
MT507006,USA: FL
MT507007,USA: FL
MT507008,USA: FL
MT507009,USA: FL
MT507010,USA: FL
MT507011,USA: FL
MT507012,USA: FL
MT507013,USA: FL
MT507014,USA: FL
MT507015,USA: FL
MT507016,USA: FL
MT507017,USA: FL
MT507018,USA: FL
MT507019,USA: FL
MT507020,USA: FL
MT507021,USA: FL
MT507022,USA: FL
MT507023,USA: FL
MT507024,USA: FL
MT507025,USA: FL
MT507026,USA: FL
MT507027,USA: FL
MT507028,USA: FL
MT507029,USA: FL
MT507030,USA: FL
MT507031,USA: FL
MT507032,USA: FL
MT517420,Czech Republic
MT517421,Czech Republic
MT517422,Czech Republic
MT517423,Czech Republic
MT517424,Czech Republic
MT517425,Czech Republic
MT517426,Czech Republic
MT517427,Czech Republic
MT517428,Czech Republic
MT517429,Czech Republic
MT517430,Czech Republic
MT517431,Czech Republic
MT517432,Czech Republic
MT517433,Czech Republic
MT517434,Czech Republic
MT517436,Taiwan
MT517437,Taiwan
MT522852,USA
MT522853,USA
MT522854,USA
MT522855,USA
MT510643,Russia: Moscow region
MT510718,USA
MT510719,USA
MT510720,USA
MT510721,USA
MT510722,USA
MT510723,USA
MT510724,USA
MT510725,USA
MT510726,USA
MT510727,China
MT510728,China
MT510747,Russia: Moscow region
MT510999,Netherlands: Leiden
MT511066,Poland
MT511067,Poland
MT511068,Poland
MT511069,Poland
MT511070,Poland
MT511071,Poland
MT511072,Poland
MT511073,Poland
MT511074,Poland
MT511075,Poland
MT511076,Poland
MT511077,Poland
MT511078,Poland
MT511079,Poland
MT511080,Poland
MT511081,Poland
MT511082,Poland
MT511673,USA: FL
MT511674,USA: FL
MT511675,USA: FL
MT511676,USA: FL
MT511677,USA: FL
MT511678,USA: FL
MT511679,USA: FL
MT511680,USA: FL
MT511681,USA: FL
MT511682,USA: FL
MT511683,USA: FL
MT511684,USA: FL
MT511685,USA: FL
MT511686,USA: FL
MT511687,USA: FL
MT511688,USA: FL
MT511689,USA: FL
MT511690,USA: FL
MT511691,USA: FL
MT511692,USA: FL
MT511693,USA: FL
MT511694,USA: FL
MT511695,USA: FL
MT511696,USA: FL
MT511697,USA: FL
MT511698,USA: FL
MT511699,USA: FL
MT511700,USA: FL
MT511701,USA: FL
MT512415,USA
MT512416,USA
MT512417,USA
MT512418,USA
MT512419,USA
MT512420,USA
MT512421,USA
MT512422,USA
MT512423,USA
MT512424,USA
MT512425,USA
MT512426,USA
MT512427,USA
MT512428,USA
MT512429,USA
MT512430,USA
MT512431,USA
MT512433,USA
MT512434,USA
MT512435,USA
MT512436,USA
MT512437,USA
MT512438,USA
MT512439,USA
MT512440,USA
MT512441,USA
MT512442,USA
MT512443,USA
MT512444,USA
MT512445,USA
MT512446,USA
MT512447,USA
MT512644,USA
MT512645,USA
MT509958,Bangladesh
MT509959,India: Jamnagar
MT509649,India: Vadodara
MT509650,India: Vadodara
MT509651,India: Vadodara
MT509656,India: Vadodara
MT509657,India: Dahod
MT509658,India: Dahod
MT509659,India: Vadodara
MT509669,USA: Michigan
MT509670,USA: Michigan
MT509671,USA: Michigan
MT509672,USA: Michigan
MT509673,USA: Michigan
MT509674,USA: Michigan
MT509675,USA: Michigan
MT509676,USA: Michigan
MT509677,USA: Michigan
MT509678,USA: Michigan
MT509679,USA: Michigan
MT509680,USA: Michigan
MT509681,USA: Michigan
MT509682,USA: Michigan
MT509683,USA: Michigan
MT509684,USA: Michigan
MT509685,USA: Michigan
MT509686,USA: Michigan
MT509687,USA: Michigan
MT509688,USA: Michigan
MT509689,USA: Michigan
MT509690,USA: Michigan
MT509691,USA: Michigan
MT509692,USA: Michigan
MT509693,USA: Michigan
MT509694,USA: Michigan
MT509695,USA: Michigan
MT509696,USA: Michigan
MT509697,USA: Michigan
MT509698,USA: Michigan
MT509699,USA: Michigan
MT509700,USA: Michigan
MT509701,USA: Michigan
MT509702,USA: Michigan
MT509703,USA: Michigan
MT509704,USA: Michigan
MT509452,USA
MT509453,USA
MT509454,USA
MT509455,USA
MT509456,USA
MT509457,USA
MT509458,USA
MT509459,USA
MT509460,USA
MT509461,USA
MT509462,USA
MT509463,USA
MT509464,USA
MT509465,USA
MT509466,USA
MT509467,USA
MT509468,USA
MT509469,USA
MT509470,USA
MT509471,USA
MT509472,USA
MT509473,USA
MT509474,USA
MT509475,USA
MT509476,USA
MT509477,USA
MT509478,USA
MT509479,USA
MT509480,USA
MT509481,USA
MT509482,USA
MT509483,USA
MT509484,USA
MT509485,USA
MT509486,USA
MT509487,USA
MT509488,USA
MT509489,USA
MT509490,USA
MT509491,USA
MT509492,USA
MT509493,USA
MT509494,India: Vadodara
MT509495,India: Kodinar
MT509496,India: Botad
MT509497,India: Una
MT509498,India: Jamnagar
MT509499,India: Jamnagar
MT509500,India: Dahod
MT509501,India: Jamnagar
MT509502,India: Jamnagar
MT509503,India: Junagadh
MT509504,India: Rajkot
MT509505,India: Ahmedabad
MT509506,India: Rajkot
MT509507,India: Una
MT509508,India: Jamnagar
MT509509,India: Ahmedabad
MT509510,India: Una
MT509511,India: Rajkot
MT509512,India: Dahod
MT506199,USA: Michigan
MT506200,USA: Michigan
MT506201,USA: Michigan
MT506202,USA: Michigan
MT506203,USA: Michigan
MT506204,USA: Michigan
MT506205,USA: Michigan
MT506206,USA: Michigan
MT506207,USA: Michigan
MT506208,USA: Michigan
MT506209,USA: Michigan
MT506210,USA: Ohio
MT506211,USA: Michigan
MT506212,USA: Michigan
MT506213,USA: Michigan
MT506214,USA: Michigan
MT506215,USA: Michigan
MT506216,USA: Michigan
MT506217,USA: Michigan
MT506218,USA: Michigan
MT506219,USA: Michigan
MT506220,USA: Michigan
MT506221,USA: Michigan
MT506222,USA: Michigan
MT506223,USA: Michigan
MT506224,USA: Michigan
MT506225,USA: Michigan
MT506226,USA: Michigan
MT506227,USA: Michigan
MT506228,USA: Michigan
MT506229,USA: Michigan
MT506526,USA: Michigan
MT506527,USA: Michigan
MT506528,USA: Michigan
MT506529,USA: Michigan
MT506530,USA: Michigan
MT506531,USA: Michigan
MT506532,USA: Michigan
MT506533,USA: Michigan
MT506534,USA: Michigan
MT506535,USA: Michigan
MT506536,USA: Michigan
MT506537,USA: Michigan
MT506538,USA: Michigan
MT506539,USA: Michigan
MT506540,USA: Michigan
MT506541,USA: Michigan
MT506542,USA: Michigan
MT506543,USA: Michigan
MT506544,USA: Michigan
MT506545,USA: Michigan
MT506546,USA: Michigan
MT506547,USA: Michigan
MT506548,USA: Michigan
MT506549,USA: Michigan
MT506550,USA: Michigan
MT506551,USA: Michigan
MT506552,USA: Michigan
MT506553,USA: Michigan
MT506554,USA: Michigan
MT506555,USA: Michigan
MT506556,USA: Michigan
MT506557,USA: Michigan
MT506558,USA: Michigan
MT506559,USA: Michigan
MT506560,USA: Michigan
MT506561,USA: Michigan
MT506562,USA: Michigan
MT506563,USA: Michigan
MT506564,USA: Michigan
MT506565,USA: Michigan
MT506566,USA: Michigan
MT506567,USA: Michigan
MT506568,USA: Michigan
MT506569,USA: Michigan
MT506570,USA: Michigan
MT506571,USA: Michigan
MT506572,USA: Michigan
MT506573,USA: Michigan
MT506574,USA: Michigan
MT506575,USA: Michigan
MT506576,USA: Michigan
MT506577,USA: Michigan
MT506578,USA: Michigan
MT506579,USA: Michigan
MT506580,USA: Michigan
MT506581,USA: Michigan
MT506582,USA: Michigan
MT506583,USA: Michigan
MT506584,USA: Michigan
MT506585,USA: Michigan
MT506586,USA: Michigan
MT506587,USA: Michigan
MT506636,USA: Michigan
MT506637,USA: Michigan
MT506638,USA: Michigan
MT506639,USA: Michigan
MT506640,USA: Michigan
MT506641,USA: Michigan
MT506642,USA: Michigan
MT506643,USA: Michigan
MT506644,USA: Michigan
MT506645,USA: Michigan
MT506646,USA: Michigan
MT506647,USA: Michigan
MT506648,USA: Michigan
MT506649,USA: Michigan
MT506650,USA: Michigan
MT506651,USA: Michigan
MT506652,USA: Michigan
MT506653,USA: Michigan
MT506654,USA: Michigan
MT506655,USA: Michigan
MT506656,USA: Michigan
MT506657,USA: Michigan
MT506658,USA: Michigan
MT506659,USA: Michigan
MT506660,USA: Michigan
MT506661,USA: Michigan
MT506662,USA: Michigan
MT506663,USA: Michigan
MT506664,USA: Michigan
MT506665,USA: Michigan
MT506666,USA: Michigan
MT506667,USA: Michigan
MT506668,USA: Michigan
MT506669,USA: Michigan
MT506670,USA: Michigan
MT506671,USA: Michigan
MT506672,USA: Michigan
MT506673,USA: Michigan
MT506674,USA: Michigan
MT506675,USA: Michigan
MT506676,USA: Michigan
MT506677,USA: Michigan
MT506678,USA: Michigan
MT506679,USA: Michigan
MT506680,USA: Michigan
MT506681,USA: Michigan
MT506682,USA: Michigan
MT506683,USA: Michigan
MT506684,USA: Michigan
MT506685,USA: Michigan
MT506686,USA: Michigan
MT506687,USA: Michigan
MT506688,USA: Michigan
MT506689,USA: Michigan
MT506690,USA: Michigan
MT506691,USA: Michigan
MT506692,USA: Michigan
MT506693,USA: Michigan
MT506694,USA: Michigan
MT506695,USA: Michigan
MT506696,USA: Michigan
MT506697,USA: Michigan
MT506698,USA: Michigan
MT506699,USA: Michigan
MT506700,USA: Michigan
MT506701,USA: Michigan
MT506702,USA: Michigan
MT506707,USA
MT506885,USA: Wisconsin
MT506886,USA: Oregon
MT506887,USA: Dane County
MT506888,USA: Illinois
MT506889,USA: Illinois
MT506890,USA: Madison
MT506891,USA: Illinois
MT506892,USA: Illinois
MT506893,USA: Dane County
MT506894,USA: Illinois
MT506895,USA: Mount Horeb
MT506896,USA: Illinois
MT506897,USA: Illinois
MT506898,USA: Verona
MT506899,USA: Illinois
MT506900,USA: Illinois
MT506901,USA: Mount Horeb
MT506902,USA: Illinois
MT506903,USA: Illinois
MT506904,USA: Illinois
MT506905,USA: Illinois
MT506906,USA: Dane County
MT506907,USA: Illinois
MT507271,Jamaica
MT507272,Jamaica
MT507273,Jamaica
MT507274,Jamaica
MT507275,Jamaica
MT507276,Jamaica
MT507277,USA
MT507278,USA
MT507279,USA
MT507280,USA
MT507281,USA
MT507282,USA
MT507793,Jamaica
MT507794,Jamaica
MT507795,USA
MT507796,USA
MT499171,USA: CA
MT499172,USA: CA
MT499173,USA: CA
MT499174,USA: CA
MT499175,USA: CA
MT499176,USA: CA
MT499177,USA: CA
MT499178,USA: CA
MT499179,USA: CA
MT499180,USA: CA
MT499181,USA: CA
MT499182,USA: CA
MT499183,USA: CA
MT499184,USA: CA
MT499185,USA: CA
MT499186,USA: CA
MT499187,USA: CA
MT499188,USA: CA
MT499189,USA: CA
MT499190,USA: CA
MT499191,USA: CA
MT499192,USA: CA
MT499193,USA: CA
MT499194,USA: CA
MT499195,USA: CA
MT499196,USA: CA
MT499197,USA: CA
MT499198,USA: CA
MT499199,USA: CA
MT499200,USA: CA
MT499201,USA: CA
MT499202,USA: CA
MT499203,USA: CA
MT499204,USA: CA
MT499205,USA: CA
MT499206,USA: CA
MT499207,USA: CA
MT499208,Poland
MT499209,Poland
MT499210,Poland
MT500122,Pakistan: Karachi
MT502774,Bangladesh
MT481895,India: Ahmedabad
MT481896,India: Ahmedabad
MT481897,India: Modasa
MT481898,India: Himatnagar
MT481899,India: Modasa
MT481900,India: Gandhinagar
MT481901,India: Dahegam
MT481902,India: Dahegam
MT481903,India: Dahegam
MT481904,India: Gandhinagar
MT481905,India: Gandhinagar
MT481906,India: Gandhinagar
MT481907,India: Gandhinagar
MT481908,India: Mansa
MT481909,India: Modasa
MT496972,India: Ahmedabad
MT496973,India: Ahmedabad
MT496974,India: Ahmedabad
MT496975,India: Ahmedabad
MT496976,India: Ahmedabad
MT496977,India: Ahmedabad
MT496978,India: Ahmedabad
MT496979,India: Ahmedabad
MT496980,India: Ahmedabad
MT496981,India: Ahmedabad
MT496982,India: Ahmedabad
MT496983,India: Ahmedabad
MT496984,India: Ahmedabad
MT496985,India: Ahmedabad
MT496986,India: Ahmedabad
MT496987,India: Ahmedabad
MT496988,India: Ahmedabad
MT496989,India: Ahmedabad
MT496990,India: Gandhinagar
MT496991,India: Gandhinagar
MT496992,India: Ahmedabad
MT496993,India: Gandhinagar
MT496994,India: Gandhinagar
MT496995,India: Gandhinagar
MT496996,India: Gandhinagar
MT496997,India: Gandhinagar
MT270101,Germany: Bavaria
MT270102,Germany: Bavaria
MT270103,Germany: Bavaria
MT270104,Germany: Bavaria
MT270105,Germany: Bavaria
MT270106,Germany: Bavaria
MT270107,Germany: Bavaria
MT270108,Germany: Bavaria
MT270109,Germany: Bavaria
MT270110,Germany: Bavaria
MT270111,Germany: Bavaria
MT270112,Germany: Bavaria
MT270113,Germany: Bavaria
MT270114,Germany: Bavaria
MT483553,India: Modasa
MT483554,India: Modasa
MT483555,India: Modasa
MT483556,India: Modasa
MT483557,India: Modasa
MT483558,India: Modasa
MT483559,India: Prantij
MT483560,India: Modasa
MT483563,USA: CA
MT483564,USA: CA
MT483565,USA: CA
MT483702,India: Modasa
MT477835,USA: AK
MT477836,USA: AK
MT477837,USA: AK
MT477838,USA: AK
MT477839,USA: AK
MT477840,USA: AK
MT477841,USA: AK
MT477842,USA: AK
MT477843,USA: AK
MT477844,USA: AK
MT477845,USA: AK
MT477846,USA: AK
MT477847,USA: AK
MT477848,USA: AK
MT477849,USA: AK
MT477850,USA: AK
MT477851,USA: AK
MT477852,USA: AK
MT477853,USA: AK
MT477854,USA: AK
MT477855,USA: AK
MT477856,USA: AK
MT477857,USA: AK
MT477858,USA: AK
MT477859,USA: AK
MT477860,USA: AK
MT477861,USA: AK
MT477862,USA: AK
MT477885,India
MT477903,USA: FL
MT477904,USA: FL
MT481927,USA: CA
MT481928,USA: CA
MT481929,USA: CA
MT481930,USA: CA
MT481931,USA: CA
MT481932,USA: CA
MT481933,USA: CA
MT481934,USA: CA
MT481935,USA: CA
MT481936,USA: CA
MT481992,USA
MT482110,USA: VA
MT482111,USA: VA
MT482112,USA: VA
MT482113,USA: VA
MT482114,USA: VA
MT482115,USA: VA
MT482116,USA: VA
MT482117,USA: VA
MT482118,USA: VA
MT482119,USA: VA
MT482120,USA: VA
MT482121,USA: VA
MT482122,USA: VA
MT482123,USA: VA
MT482124,USA: VA
MT482125,USA: VA
MT482126,USA: VA
MT482127,USA: VA
MT482128,USA: VA
MT482129,USA: VA
MT482130,USA: VA
MT482131,USA: VA
MT482132,USA: VA
MT482133,USA: VA
MT482134,USA: VA
MT482135,USA: VA
MT482136,USA: VA
MT482137,USA: VA
MT482138,USA: VA
MT482139,USA: VA
MT482140,USA: VA
MT482141,USA: VA
MT482142,USA: VA
MT482143,USA: VA
MT482144,USA: VA
MT482145,USA: VA
MT482146,USA: VA
MT482147,USA: VA
MT482148,USA: VA
MT482149,USA: VA
LC547518,Japan:Kochi
LC547519,Japan:Chiba
LC547520,Japan:Chiba
LC547521,Japan:Ishikawa
LC547522,Japan:Ishikawa
LC547523,Japan:Saitama
LC547524,Japan:Saitama
LC547525,Japan:Saitama
LC547526,Japan:Saitama
LC547527,Japan:Saitama
LC547528,Japan:Saitama
LC547529,Japan:Saitama
LC547530,Japan:Saitama
LC547531,Japan:Chiba
LC547532,Japan:Chiba
LC547533,Japan:Chiba
LC546038,Japan
MT079843,China
MT079844,China
MT079845,China
MT079846,China
MT079847,China
MT079848,China
MT079849,China
MT079850,China
MT079851,China
MT079852,China
MT079853,China
MT079854,China
MT472621,USA: PA
MT472622,USA: MD
MT472623,USA: VT
MT472624,USA: FL
MT472625,USA: PR
MT472626,USA: IA
MT472627,USA: DC
MT474126,USA: CA
MT474127,USA: CA
MT474128,USA: CA
MT474129,USA: CA
MT474130,USA: CA
MT474131,USA: CA
MT474132,USA: CA
MT474133,USA: CA
MT474134,USA: CA
MT474135,USA: CA
MT474136,USA: CA
MT474137,USA: CA
MT474138,USA: CA
MT476384,USA: FL
MT476385,Bangladesh
MT358638,Germany
MT358639,Germany
MT358640,Germany
MT358641,Germany
MT358642,Germany
MT358643,Germany
MT466071,Uruguay
MT466583,USA: AK
MT467237,India: Ahmedabad
MT467238,India: Ahmedabad
MT467239,India: Ahmedabad
MT467240,India: Ahmedabad
MT467241,India: Ahmedabad
MT467242,India: Ahmedabad
MT467243,India: Ahmedabad
MT467244,India: Ahmedabad
MT467245,India: Ahmedabad
MT467246,India: Ahmedabad
MT467247,India: Ahmedabad
MT467248,India: Ahmedabad
MT467249,India: Ahmedabad
MT467250,India: Ahmedabad
MT467251,India: Ahmedabad
MT467252,India: Ahmedabad
MT467253,India: Ahmedabad
MT467254,India: Ahmedabad
MT467255,India: Ahmedabad
MT467256,India: Ahmedabad
MT467257,India: Ahmedabad
MT467258,India: Ahmedabad
MT467259,India: Prantij
MT467260,India: Prantij
MT467261,India: Modasa
MT467262,India: Modasa
MT467263,India: Dhansura
MT470100,France
MT470101,France
MT470102,France
MT470103,France
MT470104,France
MT470105,France
MT470106,France
MT470107,France
MT470108,France
MT470109,France
MT470110,France
MT470111,France
MT470112,France
MT470113,France
MT470114,France
MT470115,France
MT470116,France
MT470117,France
MT470118,France
MT470119,France
MT470120,France
MT470121,France
MT470122,France
MT470123,France
MT470124,France
MT470125,France
MT470126,France
MT470127,France
MT470128,France
MT470129,France
MT470130,France
MT470131,France
MT470132,France
MT470133,France
MT470134,France
MT470135,France
MT470136,France
MT470137,France
MT470138,France
MT470139,France
MT470140,France
MT470141,France
MT470142,France
MT470143,France
MT470144,France
MT470145,France
MT470146,France
MT470147,France
MT470148,France
MT470149,France
MT470150,France
MT470151,France
MT470152,France
MT470153,France
MT470154,France
MT470155,France
MT470156,France
MT470157,France
MT470158,France
MT470159,France
MT470160,France
MT470161,France
MT470162,France
MT470163,France
MT470164,France
MT470165,France
MT470166,France
MT470167,France
MT470168,France
MT470169,France
MT470170,France
MT470171,France
MT470172,France
MT470173,France
MT470174,France
MT470175,France
MT470176,France
MT470177,France
MT470178,France
MT470179,France
MT470219,Colombia
MT459832,Greece: Athens
MT459833,Greece: Athens
MT459834,Greece: Athens
MT459835,Greece: Athens
MT459836,Greece: Athens
MT459837,Greece: Athens
MT459838,Greece: Athens
MT459839,Greece: Athens
MT459840,Greece: Athens
MT459841,Greece: Athens
MT459842,Greece: Athens
MT459843,Greece: Athens
MT459844,Greece: Athens
MT459845,Greece: Athens
MT459846,Greece: Athens
MT459847,Greece: Athens
MT459848,Greece: Athens
MT459849,Greece: Athens
MT459850,Greece: Athens
MT459851,Greece: Athens
MT459852,Greece: Athens
MT459853,Greece: Athens
MT459854,Greece: Athens
MT459855,Greece: Athens
MT459856,Greece: Athens
MT459857,Greece: Athens
MT459858,Greece: Athens
MT459859,Greece: Athens
MT459860,Greece: Athens
MT459861,Greece: Athens
MT459862,Greece: Athens
MT459863,Greece: Athens
MT459864,Greece: Athens
MT459865,Greece: Athens
MT459866,Greece: Athens
MT459867,Greece: Athens
MT459868,Greece: Athens
MT459869,Greece: Athens
MT459870,Greece: Athens
MT459871,Greece: Athens
MT459872,Greece: Athens
MT459873,Greece: Athens
MT459874,Greece: Athens
MT459875,Greece: Athens
MT459876,Greece: Athens
MT459877,Greece: Athens
MT459878,Greece: Athens
MT459879,Greece: Athens
MT459880,Greece: Athens
MT459881,Greece: Athens
MT459882,Greece: Athens
MT459883,Greece: Athens
MT459884,Greece: Athens
MT459885,Greece: Athens
MT459886,Greece: Athens
MT459887,Greece: Athens
MT459888,Greece: Athens
MT459889,Greece: Athens
MT459890,Greece: Athens
MT459891,Greece: Athens
MT459892,Greece: Athens
MT459893,Greece: Athens
MT459894,Greece: Athens
MT459895,Greece: Athens
MT459896,Greece: Athens
MT459897,Greece: Athens
MT459898,Greece: Athens
MT459899,Greece: Athens
MT459900,Greece: Athens
MT459901,Greece: Athens
MT459902,Greece: Athens
MT459903,Greece: Athens
MT459904,Greece: Athens
MT459905,Greece: Athens
MT459906,Greece: Athens
MT459907,Greece: Athens
MT459908,Greece: Athens
MT459909,Greece: Athens
MT459910,Greece: Athens
MT459911,Greece: Athens
MT459912,Greece: Athens
MT459913,Greece: Athens
MT459914,Greece: Athens
MT459915,Greece: Athens
MT459916,Greece: Athens
MT459917,Greece: Athens
MT459918,Greece: Athens
MT459919,Greece: Athens
MT459920,Greece: Athens
MT459921,Greece: Athens
MT459922,Greece: Athens
MT459923,Greece: Athens
MT459924,Greece: Athens
MT459925,Greece: Athens
MT459928,Iran
MT459979,Serbia: Novi Pazar
MT459985,Guam
MT459986,Guam
MT459987,Guam
MT459988,USA: SC
MT459989,USA: SC
MT459990,USA: SC
MT460089,USA: CA
MT460090,USA: CA
MT460091,USA: CA
MT460092,USA: CA
MT460113,USA: CA
MT460114,USA: CA
MT460115,USA: CA
MT460116,USA: CA
MT460117,USA: CA
MT460118,USA: CA
MT460119,USA: CA
MT460120,USA: CA
MT460121,USA: CA
MT460122,USA: CA
MT460123,USA: CA
MT460124,USA: CA
MT460125,USA: CA
MT460126,USA: CA
MT460127,USA: CA
MT460128,USA: CA
MT460129,USA: CA
MT460130,USA: CA
MT460131,USA: CA
MT460132,USA: CA
MT460133,USA: CA
MT460134,USA: CA
MT460135,USA: CA
MT460136,USA: CA
MT460137,USA: CA
MT460138,USA: CA
MT460139,USA: CA
MT460140,USA: CA
MT461603,USA
MT461604,USA: WA
MT461605,USA: WA
MT461606,USA: WA
MT461607,USA: WA
MT461608,USA: WA
MT461609,USA: WA
MT461610,USA: WA
MT461611,USA: WA
MT461612,USA: WA
MT461613,USA: WA
MT461614,USA: WA
MT461615,USA: WA
MT461616,USA: WA
MT461617,USA: WA
MT461618,USA
MT461619,USA
MT461620,USA: WA
MT461621,USA: WA
MT461622,USA: WA
MT461623,USA: WA
MT461624,USA: CT
MT461625,USA: ID
MT461626,USA: WA
MT461627,USA: WA
MT461628,USA: ID
MT461629,USA: WA
MT461630,USA: WA
MT461631,USA: ID
MT461632,USA: ID
MT461633,USA: ID
MT461634,USA: ID
MT461635,USA: ID
MT461636,USA: ID
MT461637,USA: ID
MT461638,USA: ID
MT461639,USA: WA
MT461640,USA: WA
MT461641,USA: WA
MT461642,USA: WA
MT461643,USA: WA
MT461644,USA: WA
MT461645,USA: WA
MT461646,USA: WA
MT461647,USA: WA
MT461648,USA: WA
MT461649,USA
MT461650,USA: WA
MT461651,USA: WA
MT461652,USA: WA
MT461653,USA: WA
MT461654,USA: WA
MT461655,USA: WA
MT461656,USA: WA
MT461657,USA: WA
MT461658,USA: WA
MT461659,USA: WA
MT461660,USA: WA
MT461661,USA: WA
MT461662,USA: CT
MT461663,USA: CT
MT461664,USA: CT
MT461665,USA: CT
MT461666,USA: CT
MT461667,USA: CT
MT461668,USA: CT
MT457390,Netherlands
MT457391,Netherlands
MT457392,Netherlands
MT457393,Netherlands
MT457394,Netherlands
MT457395,Netherlands
MT457396,Netherlands
MT457397,Netherlands
MT457398,Netherlands
MT457399,Netherlands
MT457400,Netherlands
MT457401,Netherlands
MT457402,India: Hyderabad
MT457403,India: Hyderabad
MT449636,USA: CA
MT449637,USA: CA
MT449638,USA: CA
MT449639,USA: CA
MT449640,USA: CA
MT449641,USA: CA
MT449642,USA: CA
MT449643,USA: CA
MT449644,USA: CA
MT449645,USA: CA
MT449646,USA: CA
MT449647,USA: CA
MT449648,USA: CA
MT449649,USA: CA
MT449650,USA: CA
MT449651,USA: CA
MT449652,USA: CA
MT449653,USA: CA
MT449654,USA: CA
MT449655,USA: CA
MT449656,USA: CA
MT449657,USA: CA
MT449658,USA: CA
MT449659,USA: CA
MT449660,USA: CA
MT449661,USA: CA
MT449662,USA: CA
MT449663,USA: CA
MT449664,USA: CA
MT449665,USA: CA
MT449666,USA: CA
MT449667,USA: CA
MT449668,USA: CA
MT449669,USA: CA
MT449670,USA: CA
MT449671,USA: CA
MT449672,USA: CA
MT449673,USA: CA
MT449674,USA: CA
MT449675,USA: CA
MT449676,USA: CA
MT449677,USA: CA
MT449678,USA: CA
MT449679,USA: CA
MT450872,Serbia
MT450873,USA: VA
MT450874,USA: VA
MT450875,USA: VA
MT450876,USA: VA
MT450877,USA: VA
MT450878,USA: VA
MT450879,USA: VA
MT450880,USA: VA
MT450881,USA: VA
MT450882,USA: VA
MT450883,USA: VA
MT450884,USA: VA
MT450885,USA: VA
MT450886,USA: VA
MT450887,USA: VA
MT450888,USA: VA
MT450889,USA: VA
MT450890,USA: VA
MT450891,USA: VA
MT450892,USA: VA
MT450893,USA: VA
MT450894,USA: VA
MT450895,USA: VA
MT450896,USA: VA
MT450897,USA: VA
MT450898,USA: VA
MT450899,USA: VA
MT450900,USA: VA
MT450901,USA: VA
MT450902,USA: VA
MT450903,USA: VA
MT450904,USA: VA
MT450905,USA: VA
MT450906,USA: VA
MT450907,USA: VA
MT450908,USA: VA
MT450909,USA: VA
MT450910,USA: VA
MT450911,USA: VA
MT450912,USA: VA
MT450913,USA: VA
MT450914,USA: VA
MT450915,USA: VA
MT450916,USA: VA
MT450917,USA: VA
MT450918,USA: VA
MT450919,Australia: Victoria
MT450920,Australia: Victoria
MT450921,Australia: Victoria
MT450922,Australia: Victoria
MT450923,Australia: Victoria
MT450924,Australia: Victoria
MT450925,Australia: Victoria
MT450926,Australia: Victoria
MT450927,Australia: Victoria
MT450928,Australia: Victoria
MT450929,Australia: Victoria
MT450930,Australia: Victoria
MT450931,Australia: Victoria
MT450932,Australia: Victoria
MT450933,Australia: Victoria
MT450934,Australia: Victoria
MT450935,Australia: Victoria
MT450936,Australia: Victoria
MT450937,Australia: Victoria
MT450938,Australia: Victoria
MT450939,Australia: Victoria
MT450940,Australia: Victoria
MT450941,Australia: Victoria
MT450942,Australia: Victoria
MT450943,Australia: Victoria
MT450944,Australia: Victoria
MT450945,Australia: Victoria
MT450946,Australia: Victoria
MT450947,Australia: Victoria
MT450948,Australia: Victoria
MT450949,Australia: Victoria
MT450950,Australia: Victoria
MT450951,Australia: Victoria
MT450952,Australia: Victoria
MT450953,Australia: Victoria
MT450954,Australia: Victoria
MT450955,Australia: Victoria
MT450956,Australia: Victoria
MT450957,Australia: Victoria
MT450958,Australia: Victoria
MT450959,Australia: Victoria
MT450960,Australia: Victoria
MT450961,Australia: Victoria
MT450962,Australia: Victoria
MT450963,Australia: Victoria
MT450964,Australia: Victoria
MT450965,Australia: Victoria
MT450966,Australia: Victoria
MT450967,Australia: Victoria
MT450968,Australia: Victoria
MT450969,Australia: Victoria
MT450970,Australia: Victoria
MT450971,Australia: Victoria
MT450972,Australia: Victoria
MT450973,Australia: Victoria
MT450974,Australia: Victoria
MT450975,Australia: Victoria
MT450976,Australia: Victoria
MT450977,Australia: Victoria
MT450978,Australia: Victoria
MT450979,Australia: Victoria
MT450980,Australia: Victoria
MT450981,Australia: Victoria
MT450982,Australia: Victoria
MT450983,Australia: Victoria
MT450984,Australia: Victoria
MT450985,Australia: Victoria
MT450986,Australia: Victoria
MT450987,Australia: Victoria
MT450988,Australia: Victoria
MT450989,Australia: Victoria
MT450990,Australia: Victoria
MT450991,Australia: Victoria
MT450992,Australia: Victoria
MT450993,Australia: Victoria
MT450994,Australia: Victoria
MT450995,Australia: Victoria
MT450996,Australia: Victoria
MT450997,Australia: Victoria
MT450998,Australia: Victoria
MT450999,Australia: Victoria
MT451000,Australia: Victoria
MT451001,Australia: Victoria
MT451002,Australia: Victoria
MT451003,Australia: Victoria
MT451004,Australia: Victoria
MT451005,Australia: Victoria
MT451006,Australia: Victoria
MT451007,Australia: Victoria
MT451008,Australia: Victoria
MT451009,Australia: Victoria
MT451010,Australia: Victoria
MT451011,Australia: Victoria
MT451012,Australia: Victoria
MT451013,Australia: Victoria
MT451014,Australia: Victoria
MT451015,Australia: Victoria
MT451016,Australia: Victoria
MT451017,Australia: Victoria
MT451018,Australia: Victoria
MT451019,Australia: Victoria
MT451020,Australia: Victoria
MT451021,Australia: Victoria
MT451022,Australia: Victoria
MT451023,Australia: Victoria
MT451024,Australia: Victoria
MT451025,Australia: Victoria
MT451026,Australia: Victoria
MT451027,Australia: Victoria
MT451028,Australia: Victoria
MT451029,Australia: Victoria
MT451030,Australia: Victoria
MT451031,Australia: Victoria
MT451032,Australia: Victoria
MT451033,Australia: Victoria
MT451034,Australia: Victoria
MT451035,Australia: Victoria
MT451036,Australia: Victoria
MT451037,Australia: Victoria
MT451038,Australia: Victoria
MT451039,Australia: Victoria
MT451040,Australia: Victoria
MT451041,Australia: Victoria
MT451042,Australia: Victoria
MT451043,Australia: Victoria
MT451044,Australia: Victoria
MT451045,Australia: Victoria
MT451046,Australia: Victoria
MT451047,Australia: Victoria
MT451048,Australia: Victoria
MT451049,Australia: Victoria
MT451050,Australia: Victoria
MT451051,Australia: Victoria
MT451052,Australia: Victoria
MT451053,Australia: Victoria
MT451054,Australia: Victoria
MT451055,Australia: Victoria
MT451056,Australia: Victoria
MT451057,Australia: Victoria
MT451058,Australia: Victoria
MT451059,Australia: Victoria
MT451060,Australia: Victoria
MT451061,Australia: Victoria
MT451062,Australia: Victoria
MT451063,Australia: Victoria
MT451064,Australia: Victoria
MT451065,Australia: Victoria
MT451066,Australia: Victoria
MT451067,Australia: Victoria
MT451068,Australia: Victoria
MT451069,Australia: Victoria
MT451070,Australia: Victoria
MT451071,Australia: Victoria
MT451072,Australia: Victoria
MT451073,Australia: Victoria
MT451074,Australia: Victoria
MT451075,Australia: Victoria
MT451076,Australia: Victoria
MT451077,Australia: Victoria
MT451078,Australia: Victoria
MT451079,Australia: Victoria
MT451080,Australia: Victoria
MT451081,Australia: Victoria
MT451082,Australia: Victoria
MT451083,Australia: Victoria
MT451084,Australia: Victoria
MT451085,Australia: Victoria
MT451086,Australia: Victoria
MT451087,Australia: Victoria
MT451088,Australia: Victoria
MT451089,Australia: Victoria
MT451090,Australia: Victoria
MT451091,Australia: Victoria
MT451092,Australia: Victoria
MT451093,Australia: Victoria
MT451094,Australia: Victoria
MT451095,Australia: Victoria
MT451096,Australia: Victoria
MT451097,Australia: Victoria
MT451098,Australia: Victoria
MT451099,Australia: Victoria
MT451100,Australia: Victoria
MT451101,Australia: Victoria
MT451102,Australia: Victoria
MT451103,Australia: Victoria
MT451104,Australia: Victoria
MT451105,Australia: Victoria
MT451106,Australia: Victoria
MT451107,Australia: Victoria
MT451108,Australia: Victoria
MT451109,Australia: Victoria
MT451110,Australia: Victoria
MT451111,Australia: Victoria
MT451112,Australia: Victoria
MT451113,Australia: Victoria
MT451114,Australia: Victoria
MT451115,Australia: Victoria
MT451116,Australia: Victoria
MT451117,Australia: Victoria
MT451118,Australia: Victoria
MT451119,Australia: Victoria
MT451120,Australia: Victoria
MT451121,Australia: Victoria
MT451122,Australia: Victoria
MT451123,Australia: Victoria
MT451124,Australia: Victoria
MT451125,Australia: Victoria
MT451126,Australia: Victoria
MT451127,Australia: Victoria
MT451128,Australia: Victoria
MT451129,Australia: Victoria
MT451130,Australia: Victoria
MT451131,Australia: Victoria
MT451132,Australia: Victoria
MT451133,Australia: Victoria
MT451134,Australia: Victoria
MT451135,Australia: Victoria
MT451136,Australia: Victoria
MT451137,Australia: Victoria
MT451138,Australia: Victoria
MT451139,Australia: Victoria
MT451140,Australia: Victoria
MT451141,Australia: Victoria
MT451142,Australia: Victoria
MT451143,Australia: Victoria
MT451144,Australia: Victoria
MT451145,Australia: Victoria
MT451146,Australia: Victoria
MT451147,Australia: Victoria
MT451148,Australia: Victoria
MT451149,Australia: Victoria
MT451150,Australia: Victoria
MT451151,Australia: Victoria
MT451152,Australia: Victoria
MT451153,Australia: Victoria
MT451154,Australia: Victoria
MT451155,Australia: Victoria
MT451156,Australia: Victoria
MT451157,Australia: Victoria
MT451158,Australia: Victoria
MT451159,Australia: Victoria
MT451160,Australia: Victoria
MT451161,Australia: Victoria
MT451162,Australia: Victoria
MT451163,Australia: Victoria
MT451164,Australia: Victoria
MT451165,Australia: Victoria
MT451166,Australia: Victoria
MT451167,Australia: Victoria
MT451168,Australia: Victoria
MT451169,Australia: Victoria
MT451170,Australia: Victoria
MT451171,Australia: Victoria
MT451172,Australia: Victoria
MT451173,Australia: Victoria
MT451174,Australia: Victoria
MT451175,Australia: Victoria
MT451176,Australia: Victoria
MT451177,Australia: Victoria
MT451178,Australia: Victoria
MT451179,Australia: Victoria
MT451180,Australia: Victoria
MT451181,Australia: Victoria
MT451182,Australia: Victoria
MT451183,Australia: Victoria
MT451184,Australia: Victoria
MT451185,Australia: Victoria
MT451186,Australia: Victoria
MT451187,Australia: Victoria
MT451188,Australia: Victoria
MT451189,Australia: Victoria
MT451190,Australia: Victoria
MT451191,Australia: Victoria
MT451192,Australia: Victoria
MT451193,Australia: Victoria
MT451194,Australia: Victoria
MT451195,Australia: Victoria
MT451196,Australia: Victoria
MT451197,Australia: Victoria
MT451198,Australia: Victoria
MT451199,Australia: Victoria
MT451200,Australia: Victoria
MT451201,Australia: Victoria
MT451202,Australia: Victoria
MT451203,Australia: Victoria
MT451204,Australia: Victoria
MT451205,Australia: Victoria
MT451206,Australia: Victoria
MT451207,Australia: Victoria
MT451208,Australia: Victoria
MT451209,Australia: Victoria
MT451210,Australia: Victoria
MT451211,Australia: Victoria
MT451212,Australia: Victoria
MT451213,Australia: Victoria
MT451214,Australia: Victoria
MT451215,Australia: Victoria
MT451216,Australia: Victoria
MT451217,Australia: Victoria
MT451218,Australia: Victoria
MT451219,Australia: Victoria
MT451220,Australia: Victoria
MT451221,Australia: Victoria
MT451222,Australia: Victoria
MT451223,Australia: Victoria
MT451224,Australia: Victoria
MT451225,Australia: Victoria
MT451226,Australia: Victoria
MT451227,Australia: Victoria
MT451228,Australia: Victoria
MT451229,Australia: Victoria
MT451230,Australia: Victoria
MT451231,Australia: Victoria
MT451232,Australia: Victoria
MT451233,Australia: Victoria
MT451234,Australia: Victoria
MT451235,Australia: Victoria
MT451236,Australia: Victoria
MT451237,Australia: Victoria
MT451238,Australia: Victoria
MT451239,Australia: Victoria
MT451240,Australia: Victoria
MT451241,Australia: Victoria
MT451242,Australia: Victoria
MT451243,Australia: Victoria
MT451244,Australia: Victoria
MT451245,Australia: Victoria
MT451246,Australia: Victoria
MT451247,Australia: Victoria
MT451248,Australia: Victoria
MT451249,Australia: Victoria
MT451250,Australia: Victoria
MT451251,Australia: Victoria
MT451252,Australia: Victoria
MT451253,Australia: Victoria
MT451254,Australia: Victoria
MT451255,Australia: Victoria
MT451256,Australia: Victoria
MT451257,Australia: Victoria
MT451258,Australia: Victoria
MT451259,Australia: Victoria
MT451260,Australia: Victoria
MT451261,Australia: Victoria
MT451262,Australia: Victoria
MT451263,Australia: Victoria
MT451264,Australia: Victoria
MT451265,Australia: Victoria
MT451266,Australia: Victoria
MT451267,Australia: Victoria
MT451268,Australia: Victoria
MT451269,Australia: Victoria
MT451270,Australia: Victoria
MT451271,Australia: Victoria
MT451272,Australia: Victoria
MT451273,Australia: Victoria
MT451274,Australia: Victoria
MT451275,Australia: Victoria
MT451276,Australia: Victoria
MT451277,Australia: Victoria
MT451278,Australia: Victoria
MT451279,Australia: Victoria
MT451280,Australia: Victoria
MT451281,Australia: Victoria
MT451282,Australia: Victoria
MT451283,Australia: Victoria
MT451284,Australia: Victoria
MT451285,Australia: Victoria
MT451286,Australia: Victoria
MT451287,Australia: Victoria
MT451288,Australia: Victoria
MT451289,Australia: Victoria
MT451290,Australia: Victoria
MT451291,Australia: Victoria
MT451292,Australia: Victoria
MT451293,Australia: Victoria
MT451294,Australia: Victoria
MT451295,Australia: Victoria
MT451296,Australia: Victoria
MT451297,Australia: Victoria
MT451298,Australia: Victoria
MT451299,Australia: Victoria
MT451300,Australia: Victoria
MT451301,Australia: Victoria
MT451302,Australia: Victoria
MT451303,Australia: Victoria
MT451304,Australia: Victoria
MT451305,Australia: Victoria
MT451306,Australia: Victoria
MT451307,Australia: Victoria
MT451308,Australia: Victoria
MT451309,Australia: Victoria
MT451310,Australia: Victoria
MT451311,Australia: Victoria
MT451312,Australia: Victoria
MT451313,Australia: Victoria
MT451314,Australia: Victoria
MT451315,Australia: Victoria
MT451316,Australia: Victoria
MT451317,Australia: Victoria
MT451318,Australia: Victoria
MT451319,Australia: Victoria
MT451320,Australia: Victoria
MT451321,Australia: Victoria
MT451322,Australia: Victoria
MT451323,Australia: Victoria
MT451324,Australia: Victoria
MT451325,Australia: Victoria
MT451326,Australia: Victoria
MT451327,Australia: Victoria
MT451328,Australia: Victoria
MT451329,Australia: Victoria
MT451330,Australia: Victoria
MT451331,Australia: Victoria
MT451332,Australia: Victoria
MT451333,Australia: Victoria
MT451334,Australia: Victoria
MT451335,Australia: Victoria
MT451336,Australia: Victoria
MT451337,Australia: Victoria
MT451338,Australia: Victoria
MT451339,Australia: Victoria
MT451340,Australia: Victoria
MT451341,Australia: Victoria
MT451342,Australia: Victoria
MT451343,Australia: Victoria
MT451344,Australia: Victoria
MT451345,Australia: Victoria
MT451346,Australia: Victoria
MT451347,Australia: Victoria
MT451348,Australia: Victoria
MT451349,Australia: Victoria
MT451350,Australia: Victoria
MT451351,Australia: Victoria
MT451352,Australia: Victoria
MT451353,Australia: Victoria
MT451354,Australia: Victoria
MT451355,Australia: Victoria
MT451356,Australia: Victoria
MT451357,Australia: Victoria
MT451358,Australia: Victoria
MT451359,Australia: Victoria
MT451360,Australia: Victoria
MT451361,Australia: Victoria
MT451362,Australia: Victoria
MT451363,Australia: Victoria
MT451364,Australia: Victoria
MT451365,Australia: Victoria
MT451366,Australia: Victoria
MT451367,Australia: Victoria
MT451368,Australia: Victoria
MT451369,Australia: Victoria
MT451370,Australia: Victoria
MT451371,Australia: Victoria
MT451372,Australia: Victoria
MT451373,Australia: Victoria
MT451374,Australia: Victoria
MT451375,Australia: Victoria
MT451376,Australia: Victoria
MT451377,Australia: Victoria
MT451378,Australia: Victoria
MT451379,Australia: Victoria
MT451380,Australia: Victoria
MT451381,Australia: Victoria
MT451382,Australia: Victoria
MT451383,Australia: Victoria
MT451384,Australia: Victoria
MT451385,Australia: Victoria
MT451386,Australia: Victoria
MT451387,Australia: Victoria
MT451388,Australia: Victoria
MT451389,Australia: Victoria
MT451390,Australia: Victoria
MT451391,Australia: Victoria
MT451392,Australia: Victoria
MT451393,Australia: Victoria
MT451394,Australia: Victoria
MT451395,Australia: Victoria
MT451396,Australia: Victoria
MT451397,Australia: Victoria
MT451398,Australia: Victoria
MT451399,Australia: Victoria
MT451400,Australia: Victoria
MT451401,Australia: Victoria
MT451402,Australia: Victoria
MT451403,Australia: Victoria
MT451404,Australia: Victoria
MT451405,Australia: Victoria
MT451406,Australia: Victoria
MT451407,Australia: Victoria
MT451408,Australia: Victoria
MT451409,Australia: Victoria
MT451410,Australia: Victoria
MT451411,Australia: Victoria
MT451412,Australia: Victoria
MT451413,Australia: Victoria
MT451414,Australia: Victoria
MT451415,Australia: Victoria
MT451416,Australia: Victoria
MT451417,Australia: Victoria
MT451418,Australia: Victoria
MT451419,Australia: Victoria
MT451420,Australia: Victoria
MT451421,Australia: Victoria
MT451422,Australia: Victoria
MT451423,Australia: Victoria
MT451424,Australia: Victoria
MT451425,Australia: Victoria
MT451426,Australia: Victoria
MT451427,Australia: Victoria
MT451428,Australia: Victoria
MT451429,Australia: Victoria
MT451430,Australia: Victoria
MT451431,Australia: Victoria
MT451432,Australia: Victoria
MT451433,Australia: Victoria
MT451434,Australia: Victoria
MT451435,Australia: Victoria
MT451436,Australia: Victoria
MT451437,Australia: Victoria
MT451438,Australia: Victoria
MT451439,Australia: Victoria
MT451440,Australia: Victoria
MT451441,Australia: Victoria
MT451442,Australia: Victoria
MT451443,Australia: Victoria
MT451444,Australia: Victoria
MT451445,Australia: Victoria
MT451446,Australia: Victoria
MT451447,Australia: Victoria
MT451448,Australia: Victoria
MT451449,Australia: Victoria
MT451450,Australia: Victoria
MT451451,Australia: Victoria
MT451452,Australia: Victoria
MT451453,Australia: Victoria
MT451454,Australia: Victoria
MT451455,Australia: Victoria
MT451456,Australia: Victoria
MT451457,Australia: Victoria
MT451458,Australia: Victoria
MT451459,Australia: Victoria
MT451460,Australia: Victoria
MT451461,Australia: Victoria
MT451462,Australia: Victoria
MT451463,Australia: Victoria
MT451464,Australia: Victoria
MT451465,Australia: Victoria
MT451466,Australia: Victoria
MT451467,Australia: Victoria
MT451468,Australia: Victoria
MT451469,Australia: Victoria
MT451470,Australia: Victoria
MT451471,Australia: Victoria
MT451472,Australia: Victoria
MT451473,Australia: Victoria
MT451474,Australia: Victoria
MT451475,Australia: Victoria
MT451476,Australia: Victoria
MT451477,Australia: Victoria
MT451478,Australia: Victoria
MT451479,Australia: Victoria
MT451480,Australia: Victoria
MT451481,Australia: Victoria
MT451482,Australia: Victoria
MT451483,Australia: Victoria
MT451484,Australia: Victoria
MT451485,Australia: Victoria
MT451486,Australia: Victoria
MT451487,Australia: Victoria
MT451488,Australia: Victoria
MT451489,Australia: Victoria
MT451490,Australia: Victoria
MT451491,Australia: Victoria
MT451492,Australia: Victoria
MT451493,Australia: Victoria
MT451494,Australia: Victoria
MT451495,Australia: Victoria
MT451496,Australia: Victoria
MT451497,Australia: Victoria
MT451498,Australia: Victoria
MT451499,Australia: Victoria
MT451500,Australia: Victoria
MT451501,Australia: Victoria
MT451502,Australia: Victoria
MT451503,Australia: Victoria
MT451504,Australia: Victoria
MT451505,Australia: Victoria
MT451506,Australia: Victoria
MT451507,Australia: Victoria
MT451508,Australia: Victoria
MT451509,Australia: Victoria
MT451510,Australia: Victoria
MT451511,Australia: Victoria
MT451512,Australia: Victoria
MT451513,Australia: Victoria
MT451514,Australia: Victoria
MT451515,Australia: Victoria
MT451516,Australia: Victoria
MT451517,Australia: Victoria
MT451518,Australia: Victoria
MT451519,Australia: Victoria
MT451520,Australia: Victoria
MT451521,Australia: Victoria
MT451522,Australia: Victoria
MT451523,Australia: Victoria
MT451524,Australia: Victoria
MT451525,Australia: Victoria
MT451526,Australia: Victoria
MT451527,Australia: Victoria
MT451528,Australia: Victoria
MT451529,Australia: Victoria
MT451530,Australia: Victoria
MT451531,Australia: Victoria
MT451532,Australia: Victoria
MT451533,Australia: Victoria
MT451534,Australia: Victoria
MT451535,Australia: Victoria
MT451536,Australia: Victoria
MT451537,Australia: Victoria
MT451538,Australia: Victoria
MT451539,Australia: Victoria
MT451540,Australia: Victoria
MT451541,Australia: Victoria
MT451542,Australia: Victoria
MT451543,Australia: Victoria
MT451544,Australia: Victoria
MT451545,Australia: Victoria
MT451546,Australia: Victoria
MT451547,Australia: Victoria
MT451548,Australia: Victoria
MT451549,Australia: Victoria
MT451550,Australia: Victoria
MT451551,Australia: Victoria
MT451552,Australia: Victoria
MT451553,Australia: Victoria
MT451554,Australia: Victoria
MT451555,Australia: Victoria
MT451556,Australia: Victoria
MT451557,Australia: Victoria
MT451558,Australia: Victoria
MT451559,Australia: Victoria
MT451560,Australia: Victoria
MT451561,Australia: Victoria
MT451562,Australia: Victoria
MT451563,Australia: Victoria
MT451564,Australia: Victoria
MT451565,Australia: Victoria
MT451566,Australia: Victoria
MT451567,Australia: Victoria
MT451568,Australia: Victoria
MT451569,Australia: Victoria
MT451570,Australia: Victoria
MT451571,Australia: Victoria
MT451572,Australia: Victoria
MT451573,Australia: Victoria
MT451574,Australia: Victoria
MT451575,Australia: Victoria
MT451576,Australia: Victoria
MT451577,Australia: Victoria
MT451578,Australia: Victoria
MT451579,Australia: Victoria
MT451580,Australia: Victoria
MT451581,Australia: Victoria
MT451582,Australia: Victoria
MT451583,Australia: Victoria
MT451584,Australia: Victoria
MT451585,Australia: Victoria
MT451586,Australia: Victoria
MT451587,Australia: Victoria
MT451588,Australia: Victoria
MT451589,Australia: Victoria
MT451590,Australia: Victoria
MT451591,Australia: Victoria
MT451592,Australia: Victoria
MT451593,Australia: Victoria
MT451594,Australia: Victoria
MT451595,Australia: Victoria
MT451596,Australia: Victoria
MT451597,Australia: Victoria
MT451598,Australia: Victoria
MT451599,Australia: Victoria
MT451600,Australia: Victoria
MT451601,Australia: Victoria
MT451602,Australia: Victoria
MT451603,Australia: Victoria
MT451604,Australia: Victoria
MT451605,Australia: Victoria
MT451606,Australia: Victoria
MT451607,Australia: Victoria
MT451608,Australia: Victoria
MT451609,Australia: Victoria
MT451610,Australia: Victoria
MT451611,Australia: Victoria
MT451612,Australia: Victoria
MT451613,Australia: Victoria
MT451614,Australia: Victoria
MT451615,Australia: Victoria
MT451616,Australia: Victoria
MT451617,Australia: Victoria
MT451618,Australia: Victoria
MT451619,Australia: Victoria
MT451620,Australia: Victoria
MT451621,Australia: Victoria
MT451622,Australia: Victoria
MT451623,Australia: Victoria
MT451624,Australia: Victoria
MT451625,Australia: Victoria
MT451626,Australia: Victoria
MT451627,Australia: Victoria
MT451628,Australia: Victoria
MT451629,Australia: Victoria
MT451630,Australia: Victoria
MT451631,Australia: Victoria
MT451632,Australia: Victoria
MT451633,Australia: Victoria
MT451634,Australia: Victoria
MT451635,Australia: Victoria
MT451636,Australia: Victoria
MT451637,Australia: Victoria
MT451638,Australia: Victoria
MT451639,Australia: Victoria
MT451640,Australia: Victoria
MT451641,Australia: Victoria
MT451642,Australia: Victoria
MT451643,Australia: Victoria
MT451644,Australia: Victoria
MT451645,Australia: Victoria
MT451646,Australia: Victoria
MT451647,Australia: Victoria
MT451648,Australia: Victoria
MT451649,Australia: Victoria
MT451650,Australia: Victoria
MT451651,Australia: Victoria
MT451652,Australia: Victoria
MT451653,Australia: Victoria
MT451654,Australia: Victoria
MT451655,Australia: Victoria
MT451656,Australia: Victoria
MT451657,Australia: Victoria
MT451658,Australia: Victoria
MT451659,Australia: Victoria
MT451660,Australia: Victoria
MT451661,Australia: Victoria
MT451662,Australia: Victoria
MT451663,Australia: Victoria
MT451664,Australia: Victoria
MT451665,Australia: Victoria
MT451666,Australia: Victoria
MT451667,Australia: Victoria
MT451668,Australia: Victoria
MT451669,Australia: Victoria
MT451670,Australia: Victoria
MT451671,Australia: Victoria
MT451672,Australia: Victoria
MT451673,Australia: Victoria
MT451674,Australia: Victoria
MT451675,Australia: Victoria
MT451676,Australia: Victoria
MT451677,Australia: Victoria
MT451678,Australia: Victoria
MT451679,Australia: Victoria
MT451680,Australia: Victoria
MT451681,Australia: Victoria
MT451682,Australia: Victoria
MT451683,Australia: Victoria
MT451684,Australia: Victoria
MT451685,Australia: Victoria
MT451686,Australia: Victoria
MT451687,Australia: Victoria
MT451688,Australia: Victoria
MT451689,Australia: Victoria
MT451690,Australia: Victoria
MT451691,Australia: Victoria
MT451692,Australia: Victoria
MT451693,Australia: Victoria
MT451694,Australia: Victoria
MT451695,Australia: Victoria
MT451696,Australia: Victoria
MT451697,Australia: Victoria
MT451698,Australia: Victoria
MT451699,Australia: Victoria
MT451700,Australia: Victoria
MT451701,Australia: Victoria
MT451702,Australia: Victoria
MT451703,Australia: Victoria
MT451704,Australia: Victoria
MT451705,Australia: Victoria
MT451706,Australia: Victoria
MT451707,Australia: Victoria
MT451708,Australia: Victoria
MT451709,Australia: Victoria
MT451710,Australia: Victoria
MT451711,Australia: Victoria
MT451712,Australia: Victoria
MT451713,Australia: Victoria
MT451714,Australia: Victoria
MT451715,Australia: Victoria
MT451716,Australia: Victoria
MT451717,Australia: Victoria
MT451718,Australia: Victoria
MT451719,Australia: Victoria
MT451720,Australia: Victoria
MT451721,Australia: Victoria
MT451722,Australia: Victoria
MT451723,Australia: Victoria
MT451724,Australia: Victoria
MT451725,Australia: Victoria
MT451726,Australia: Victoria
MT451727,Australia: Victoria
MT451728,Australia: Victoria
MT451729,Australia: Victoria
MT451730,Australia: Victoria
MT451731,Australia: Victoria
MT451732,Australia: Victoria
MT451733,Australia: Victoria
MT451734,Australia: Victoria
MT451735,Australia: Victoria
MT451736,Australia: Victoria
MT451737,Australia: Victoria
MT451738,Australia: Victoria
MT451739,Australia: Victoria
MT451740,Australia: Victoria
MT451741,Australia: Victoria
MT451742,Australia: Victoria
MT451743,Australia: Victoria
MT451744,Australia: Victoria
MT451745,Australia: Victoria
MT451746,Australia: Victoria
MT451747,Australia: Victoria
MT451748,Australia: Victoria
MT451749,Australia: Victoria
MT451750,Australia: Victoria
MT451751,Australia: Victoria
MT451752,Australia: Victoria
MT451753,Australia: Victoria
MT451754,Australia: Victoria
MT451755,Australia: Victoria
MT451756,Australia: Victoria
MT451757,Australia: Victoria
MT451758,Australia: Victoria
MT451759,Australia: Victoria
MT451760,Australia: Victoria
MT451761,Australia: Victoria
MT451762,Australia: Victoria
MT451763,Australia: Victoria
MT451764,Australia: Victoria
MT451765,Australia: Victoria
MT451766,Australia: Victoria
MT451767,Australia: Victoria
MT451768,Australia: Victoria
MT451769,Australia: Victoria
MT451770,Australia: Victoria
MT451771,Australia: Victoria
MT451772,Australia: Victoria
MT451773,Australia: Victoria
MT451774,Australia: Victoria
MT451775,Australia: Victoria
MT451776,Australia: Victoria
MT451777,Australia: Victoria
MT451778,Australia: Victoria
MT451779,Australia: Victoria
MT451780,Australia: Victoria
MT451781,Australia: Victoria
MT451782,Australia: Victoria
MT451783,Australia: Victoria
MT451784,Australia: Victoria
MT451785,Australia: Victoria
MT451786,Australia: Victoria
MT451787,Australia: Victoria
MT451788,Australia: Victoria
MT451789,Australia: Victoria
MT451790,Australia: Victoria
MT451791,Australia: Victoria
MT451792,Australia: Victoria
MT451793,Australia: Victoria
MT451794,Australia: Victoria
MT451795,Australia: Victoria
MT451796,Australia: Victoria
MT451797,Australia: Victoria
MT451798,Australia: Victoria
MT451799,Australia: Victoria
MT451800,Australia: Victoria
MT451801,Australia: Victoria
MT451802,Australia: Victoria
MT451803,Australia: Victoria
MT451804,Australia: Victoria
MT451805,Australia: Victoria
MT451806,Australia: Victoria
MT451807,Australia: Victoria
MT451808,Australia: Victoria
MT451809,Australia: Victoria
MT451810,Australia: Victoria
MT451811,Australia: Victoria
MT451812,Australia: Victoria
MT451813,Australia: Victoria
MT451814,Australia: Victoria
MT451815,Australia: Victoria
MT451816,Australia: Victoria
MT451817,Australia: Victoria
MT451818,Australia: Victoria
MT451819,Australia: Victoria
MT451820,Australia: Victoria
MT451821,Australia: Victoria
MT451822,Australia: Victoria
MT451823,Australia: Victoria
MT451824,Australia: Victoria
MT451825,Australia: Victoria
MT451826,Australia: Victoria
MT451827,Australia: Victoria
MT451828,Australia: Victoria
MT451829,Australia: Victoria
MT451830,Australia: Victoria
MT451831,Australia: Victoria
MT451832,Australia: Victoria
MT451833,Australia: Victoria
MT451834,Australia: Victoria
MT451835,Australia: Victoria
MT451836,Australia: Victoria
MT451837,Australia: Victoria
MT451838,Australia: Victoria
MT451839,Australia: Victoria
MT451840,Australia: Victoria
MT451841,Australia: Victoria
MT451842,Australia: Victoria
MT451874,India: Surat
MT451875,India: Surat
MT451876,India: Surat
MT451877,India: Surat
MT451878,India: Surat
MT451879,India: Surat
MT451880,India: Surat
MT451881,India: Ahmedabad
MT451882,India: Ahmedabad
MT451883,India: Ahmedabad
MT451884,India: Ahmedabad
MT451885,India: Ahmedabad
MT451886,India: Ahmedabad
MT451887,India: Ahmedabad
MT451888,India: Ahmedabad
MT451889,India: Ahmedabad
MT451890,India: Ahmedabad
MT452574,USA: NY
MT452575,USA: WA
MT452576,USA: CA
MT444148,USA: CA
MT444515,USA
MT444516,USA
MT444517,USA
MT444518,USA
MT444519,USA
MT444520,USA
MT444521,USA
MT444522,USA
MT444523,USA
MT444524,USA
MT444525,USA
MT444526,USA
MT444527,USA
MT444528,USA
MT444529,USA
MT444530,USA
MT444531,USA
MT444532,USA
MT444533,USA
MT444534,USA
MT444535,USA
MT444536,USA
MT444537,USA
MT444538,USA
MT444539,USA
MT444540,USA
MT444541,USA
MT444542,USA
MT444543,USA
MT444544,USA
MT444545,USA
MT444546,USA
MT444547,USA
MT444548,USA
MT444549,USA
MT444550,USA
MT444551,USA
MT444552,USA
MT444553,USA
MT444554,USA
MT444555,USA
MT444556,USA
MT444557,USA
MT444558,USA
MT444559,USA
MT444560,USA
MT444561,USA
MT444562,USA
MT444563,USA
MT444564,USA
MT444565,USA
MT444566,USA
MT444567,USA
MT444568,USA
MT444569,USA
MT444570,USA
MT444571,USA
MT444572,USA
MT444573,USA
MT444574,USA
MT444575,USA
MT444576,USA
MT444577,USA
MT444578,USA
MT444579,USA
MT444580,USA
MT444581,USA
MT444582,USA
MT444583,USA
MT444584,USA
MT444585,USA
MT444586,USA
MT444587,USA
MT444588,USA
MT444589,USA
MT444590,USA
MT444591,USA
MT444592,USA
MT444593,USA
MT444594,USA
MT444595,USA
MT444596,USA
MT444597,USA
MT444598,USA
MT444599,USA
MT444600,USA
MT444601,USA
MT444602,USA
MT444603,USA
MT444604,USA
MT444605,USA
MT444606,USA
MT444607,USA
MT444608,USA
MT444609,USA
MT444610,USA
MT444611,USA
MT444612,USA
MT444613,USA
MT444614,USA
MT444615,USA
MT444616,USA
MT444617,USA
MT444618,USA
MT444619,USA
MT444620,USA
MT444621,USA
MT444622,USA
MT444623,USA
MT444624,USA
MT444625,USA
MT444626,USA
MT444627,USA
MT444628,USA
MT444629,USA
MT444630,USA
MT444631,USA
MT444632,USA
MT444633,USA
MT444634,USA
MT444635,USA
MT446312,China: Guangdong
MT446339,USA: MARINGOUIN
MT446340,USA: KENNER
MT446341,USA: KILLONA
MT446342,USA: SAINT ROSE
MT446343,USA: New Orleans
MT446344,USA: LOCKPORT
MT446345,USA: NEW ORLEANS
MT446346,USA: LULING
MT446347,USA: RACELAND
MT446348,USA: New Orleans
MT446349,USA: KENNER
MT446350,USA: New Orleans
MT446351,USA: GRAY
MT446352,USA: GHEENS
MT446353,USA: THIBODAUX
MT446354,USA: MARINGOUIN
MT446355,USA: Slidell
MT446356,USA: Lacombe
MT446357,USA: HOUMA
MT446358,USA: RACELAND
MT446359,USA: SLIDELL
MT446360,USA: SLIDELL LA
MT446361,USA: DELACROIX
MT447154,Thailand
MT447155,Thailand
MT447156,Thailand
MT447157,Thailand
MT447158,Thailand
MT447159,Thailand
MT447160,Thailand
MT447161,Thailand
MT447162,Thailand
MT447163,Thailand
MT447164,Thailand
MT447165,Thailand
MT447166,Thailand
MT447167,Thailand
MT447168,Thailand
MT447169,Thailand
MT447170,Thailand
MT447171,Thailand
MT447172,Thailand
MT447173,Thailand
MT447174,Thailand
MT447175,Thailand
MT447176,Thailand
MT447177,Iran
MT438718,USA: CA
MT438719,USA: CA
MT438720,USA: CA
MT438721,USA: CA
MT438722,USA: CA
MT438723,USA: CA
MT438724,USA: CA
MT438725,USA: CA
MT438726,USA: CA
MT438727,USA: CA
MT438728,USA: CA
MT438729,USA: CA
MT438730,USA: CA
MT438731,USA: CA
MT438732,USA: CA
MT438733,USA: CA
MT438734,USA: CA
MT438735,USA: CA
MT438736,USA: CA
MT438737,USA: CA
MT438738,USA: CA
MT438739,USA: CA
MT438740,USA: CA
MT438741,USA: CA
MT438742,USA: CA
MT438743,USA: CA
MT438744,USA: CA
MT438745,USA: CA
MT438746,USA: CA
MT438747,USA: CA
MT438748,USA: CA
MT438749,USA: CA
MT438750,USA: CA
MT438751,USA: CA
MT438752,USA: CA
MT438753,USA: CA
MT438754,USA: CA
MT438755,USA: CA
MT438756,USA: CA
MT438757,USA: CA
MT438758,USA: CA
MT438759,USA: CA
MT438760,USA: CA
MT439230,USA: MI
MT439231,USA: MI
MT439232,USA: MI
MT439233,USA: MI
MT439234,USA: MI
MT439235,USA: MI
MT439236,USA: MI
MT439237,USA: MI
MT439238,USA: MI
MT439239,USA: MI
MT439240,USA: MI
MT439241,USA: MI
MT439242,USA: MI
MT439243,USA: MI
MT439244,USA: MI
MT439245,USA: MI
MT439246,USA: MI
MT439247,USA: MI
MT439248,USA: MI
MT439249,USA: MI
MT439250,USA: MI
MT439251,USA: MI
MT439252,USA: MI
MT439253,USA: MI
MT439254,USA: MI
MT439255,USA: MI
MT439256,USA: MI
MT439257,USA: MI
MT439258,USA: MI
MT439259,USA: MI
MT439260,USA: MI
MT439261,USA: MI
MT439262,USA: MI
MT439263,USA: MI
MT439264,USA: MI
MT439265,USA: MI
MT439266,USA: MI
MT439267,USA: MI
MT439268,USA: MI
MT439269,USA: MI
MT439270,USA: MI
MT439271,USA: MI
MT439272,USA: MI
MT439273,USA: MI
MT439274,USA: MI
MT439275,USA: MI
MT439276,USA: MI
MT439277,USA: MI
MT439278,USA: MI
MT439279,USA: MI
MT439280,USA: MI
MT439281,USA: MI
MT439282,USA: MI
MT439283,USA: MI
MT439284,USA: MI
MT439285,USA: MI
MT439286,USA: MI
MT439287,USA: MI
MT439288,USA: MI
MT439289,USA: MI
MT439290,USA: MI
MT439291,USA: MI
MT439292,USA: MI
MT439293,USA: MI
MT439294,USA: MI
MT439295,USA: MI
MT439296,USA: MI
MT439297,USA: MI
MT439298,USA: MI
MT439299,USA: MI
MT439300,USA: MI
MT439301,USA: MI
MT439302,USA: MI
MT439303,USA: MI
MT439304,USA: MI
MT439305,USA: MI
MT439306,USA: MI
MT439307,USA: MI
MT439308,USA: MI
MT439309,USA: MI
MT439310,USA: MI
MT439311,USA: MI
MT439312,USA: MI
MT439313,USA: MI
MT439314,USA: MI
MT439315,USA: MI
MT439316,USA: MI
MT439317,USA: MI
MT439318,USA: MI
MT439319,USA: MI
MT439320,USA: MI
MT439595,India
MT439596,India
MT439597,India
MT434757,India
MT434758,India
MT434759,India
MT434760,India
MT434782,USA: NY
MT434783,USA: NY
MT434784,USA: NY
MT434785,USA: NY
MT434786,USA: NY
MT434787,USA: NY
MT434788,USA: NY
MT434789,USA: NY
MT434790,USA: NY
MT434791,USA: NY
MT434792,USA: NY
MT434793,USA: NY
MT434794,USA: NY
MT434795,USA: NY
MT434796,USA: NY
MT434797,USA: NY
MT434798,USA: NY
MT434799,USA: NY
MT434800,USA: NY
MT434801,USA: NY
MT434802,USA: NY
MT434803,USA: NY
MT434804,USA: NY
MT434805,USA: NY
MT434806,USA: NY
MT434807,USA: NY
MT434808,USA: NY
MT434809,USA: NY
MT434810,USA: NY
MT434811,USA: NY
MT434812,USA: NY
MT434813,USA: NY
MT434814,USA: NY
MT434815,USA: NY
MT434816,USA: NY
MT434817,USA: NY
MT435079,India: Ahmedabad
MT435080,India: Ahmedabad
MT435081,India: Ahmedabad
MT435082,India: Ahmedabad
MT435083,India: Ahmedabad
MT435084,India: Ahmedabad
MT435085,India: Gandhinagar
MT435086,India: Mansa
MT365028,Hong Kong
MT365029,Hong Kong
MT365030,Hong Kong
MT365031,Hong Kong
MT365032,Hong Kong
MT428551,Kazakhstan
MT428552,Kazakhstan
MT428553,Kazakhstan
MT428554,Kazakhstan
MT429183,USA: Wisconsin
MT429184,USA: Wisconsin
MT429185,USA: Wisconsin
MT429186,USA: Wisconsin
MT429187,USA: Wisconsin
MT429188,USA: Wisconsin
MT429189,USA: Wisconsin
MT429190,USA: Wisconsin
MT429191,USA: Wisconsin
MT432195,USA: East Feliciana Parish
MT318827,
MT422806,USA: FL
MT422807,USA: FL
MT215194,Hong Kong
MT215195,Hong Kong
MT270814,Hong Kong
MT270815,Hong Kong
MT276600,Hong Kong
MT418880,USA: VA
MT418881,USA: VA
MT418882,USA: VA
MT418883,USA: VA
MT418884,USA: VA
MT418885,USA: VA
MT418886,USA: VA
MT418887,USA: VA
MT418888,USA: VA
MT418889,USA: VA
MT418890,USA: VA
MT418891,USA: VA
MT418892,USA: VA
MT418893,USA: VA
MT418894,USA: VA
MT419810,Puerto Rico
MT419811,Puerto Rico
MT419812,Puerto Rico
MT419813,Puerto Rico
MT419814,Puerto Rico
MT419815,Puerto Rico
MT419816,Puerto Rico
MT419817,Puerto Rico
MT419818,Puerto Rico
MT419819,Puerto Rico
MT419820,Puerto Rico
MT419821,Puerto Rico
MT419822,Puerto Rico
MT419827,USA: CA
MT419828,USA: CA
MT419829,USA: CA
MT419830,USA: CA
MT419831,USA: CA
MT419832,USA: CA
MT419833,USA: CA
MT419834,USA: CA
MT419835,USA: CA
MT419836,USA: CA
MT419837,USA: CA
MT419838,USA: CA
MT419839,USA: CA
MT419840,USA: CA
MT419841,USA: CA
MT419842,USA: CA
MT419843,USA: CA
MT419844,USA: CA
MT419845,USA: CA
MT419846,USA: CA
MT419847,USA: CA
MT419848,USA: CA
MT419849,USA: CA
MT419850,USA: CA
MT419851,USA: CA
MT419852,USA: CA
MT419853,USA: CA
MT419854,USA: CA
MT419855,USA: CA
MT419856,USA: CA
MT419857,USA: CA
MT419858,USA: CA
MT419859,USA: CA
MT419860,USA: CA
MT412134,China
MT412135,USA: Michigan
MT412136,USA: Michigan
MT412137,USA: Michigan
MT412138,USA: Michigan
MT412139,USA: Michigan
MT412140,USA: Michigan
MT412141,USA: Michigan
MT412142,USA: Michigan
MT412143,USA: Michigan
MT412144,USA: Michigan
MT412145,USA: Michigan
MT412146,USA: Michigan
MT412147,USA: Michigan
MT412148,USA: Michigan
MT412149,USA: Michigan
MT412150,USA: Michigan
MT412151,USA: Michigan
MT412152,USA: Michigan
MT412153,USA: Michigan
MT412154,USA: Michigan
MT412155,USA: Michigan
MT412156,USA: Michigan
MT412157,USA: Michigan
MT412158,USA: Michigan
MT412159,USA: Michigan
MT412160,USA: Michigan
MT412161,USA: Michigan
MT412162,USA: Michigan
MT412163,USA: Michigan
MT412164,USA: Michigan
MT412165,USA: Michigan
MT412166,USA: Michigan
MT412167,USA: Michigan
MT412168,USA: Michigan
MT412169,USA: Michigan
MT412170,USA: Michigan
MT412171,USA: Michigan
MT412172,USA: Michigan
MT412173,USA: Michigan
MT412174,USA: Michigan
MT412175,USA: Michigan
MT412176,USA: Michigan
MT412177,USA: Michigan
MT412178,USA: Michigan
MT412179,USA: Michigan
MT412180,USA: Michigan
MT412181,USA: Michigan
MT412182,USA: Michigan
MT412183,USA: Michigan
MT412184,USA: Michigan
MT412185,USA: Michigan
MT412186,USA: Michigan
MT412187,USA: Michigan
MT412188,USA: Michigan
MT412189,USA: Michigan
MT412190,USA: Michigan
MT412191,USA: Michigan
MT412192,USA: Michigan
MT412193,USA: Michigan
MT412194,USA: Michigan
MT412195,USA: Michigan
MT412196,USA: Michigan
MT412197,USA: Michigan
MT412198,USA: Michigan
MT412199,USA: Michigan
MT412200,USA: Michigan
MT412201,USA: Michigan
MT412202,USA: Michigan
MT412203,USA: Michigan
MT412204,USA: Michigan
MT412205,USA: Michigan
MT412206,USA: Michigan
MT412207,USA: Michigan
MT412208,USA: Michigan
MT412209,USA: Michigan
MT412210,USA: Michigan
MT412211,USA: Michigan
MT412212,USA: Michigan
MT412213,USA: Michigan
MT412214,USA: Michigan
MT412215,USA: Illinois
MT412216,USA: Michigan
MT412217,USA: Michigan
MT412218,USA: Michigan
MT412219,USA: Michigan
MT412220,USA: Michigan
MT412221,USA: Michigan
MT412222,USA: Michigan
MT412223,USA: Michigan
MT412224,USA: Michigan
MT412225,USA: WA
MT412226,USA: WA
MT412227,USA: WA
MT412228,USA: WA
MT412229,USA: WA
MT412230,USA: WA
MT412231,USA: WA
MT412232,USA: WA
MT412233,USA
MT412234,USA: WA
MT412235,USA: WA
MT412236,USA: WA
MT412237,USA: WA
MT412238,USA: WA
MT412239,USA
MT412240,USA: WA
MT412241,USA: WA
MT412242,USA
MT412243,USA
MT412244,USA: WA
MT412245,USA
MT412246,USA: WA
MT412247,USA: WA
MT412248,USA: WA
MT412249,USA: WA
MT412250,USA: WA
MT412251,USA: WA
MT412252,USA: WA
MT412253,USA: WA
MT412254,USA
MT412255,USA: WA
MT412256,USA: WA
MT412257,USA: WA
MT412258,USA: WA
MT412259,USA: WA
MT412260,USA
MT412261,USA: WA
MT412262,USA: WA
MT412263,USA: WA
MT412264,USA: CT
MT412265,USA: CT
MT412266,USA
MT412267,USA
MT412268,USA: WA
MT412269,USA: WA
MT412270,USA: WA
MT412271,USA: WA
MT412272,USA: WA
MT412273,USA
MT412274,USA: CT
MT412275,USA: WA
MT412276,USA: CT
MT412277,USA: WA
MT412278,USA: CT
MT412279,USA: CT
MT412280,USA: CT
MT412281,USA
MT412282,USA: CT
MT412283,USA: CT
MT412284,USA: CT
MT412285,USA: WA
MT412286,USA: WA
MT412287,USA: WA
MT412288,USA: WA
MT412289,USA: WA
MT412290,USA: WA
MT412291,USA: WA
MT412292,USA: WA
MT412293,USA: WA
MT412294,USA: WA
MT412295,USA: WA
MT412296,USA: WA
MT412297,USA: ID
MT412298,USA: WA
MT412299,USA: ID
MT412300,USA: WA
MT412301,USA: CT
MT412302,USA: CT
MT412303,USA: CT
MT412304,USA: ID
MT412305,USA: ID
MT412306,USA: ID
MT412307,USA: OR
MT412308,USA: WA
MT412309,USA: ID
MT412310,USA: WA
MT412311,USA: WA
MT412312,USA: WA
MT412313,USA: WA
MT412314,USA: WA
MT412315,USA: WA
MT412316,USA: WA
MT412317,USA: CT
MT412318,USA: CT
MT412319,USA: CT
MT412320,USA: CT
MT412321,USA: WA
MT412322,USA: CT
MT412323,USA: WA
MT412324,USA: WA
MT412325,USA: WA
MT412326,USA: WA
MT412327,USA: ID
MT412328,USA: CT
MT412329,USA: CT
MT412330,USA: CT
MT412331,USA: WA
MT412332,USA: WA
MT412333,USA: WA
MT412334,USA: WA
MT412335,USA: WA
MT412336,USA: WA
MT412337,USA: WA
MT415320,India
MT415321,India
MT415322,India
MT415323,India
MT415894,USA: VA
MT415895,USA: VA
MT415896,USA: VA
MT415897,USA: VA
MT415898,USA: VA
MT415899,USA: VA
MT415900,USA: VA
MT415901,USA: VA
MT415902,USA: VA
MT415903,USA: VA
MT415904,USA: VA
MT415905,USA: VA
MT415906,USA: VA
MT415907,USA: VA
MT415908,USA: VA
MT415909,USA: VA
MT415910,USA: VA
MT415911,USA: VA
MT415912,USA: VA
MT394528,USA: CA
MT394529,USA: CA
MT394530,USA: CA
MT394531,USA: CA
MT394864,Germany: Dusseldorf
MT396241,China
MT396242,India
MT396243,India
MT396244,India
MT396245,India
MT396246,India
MT396247,India
MT396248,India
MT396266,Netherlands: Milheeze
MT380728,USA
MT380729,USA
MT380730,USA
MT380731,USA
MT380732,USA
MT380733,USA
MT380734,USA
MT385414,USA: CA
MT385415,USA: CA
MT385416,USA: CA
MT385417,USA: CA
MT385418,USA: CA
MT385419,USA: CA
MT385420,USA: CA
MT385421,USA: CA
MT385422,USA: CA
MT385423,USA: CA
MT385424,USA: CA
MT385425,USA: CA
MT385426,USA: CA
MT385427,USA: CA
MT385428,USA: CA
MT385429,USA: CA
MT385430,USA: CA
MT385431,USA: CA
MT385432,USA: CA
MT385433,USA: CA
MT385434,USA: CA
MT385435,USA: CA
MT385436,USA: CA
MT385437,USA: CA
MT385438,USA: CA
MT385439,USA: CA
MT385440,USA: CA
MT385441,USA: CA
MT385442,USA: CA
MT385443,USA: CA
MT385444,USA: CA
MT385445,USA: CA
MT385446,USA: CA
MT385447,USA: CA
MT385448,USA: CA
MT385449,USA: CA
MT385450,USA: CA
MT385451,USA: CA
MT385452,USA: CA
MT385453,USA: CA
MT385454,USA: CA
MT385455,USA: CA
MT385456,USA: CA
MT385457,USA: CA
MT385458,USA: CA
MT385459,USA: CA
MT385460,USA: CA
MT385461,USA: CA
MT385462,USA: CA
MT385463,USA: CA
MT385464,USA: CA
MT385465,USA: CA
MT385466,USA: CA
MT385467,USA: CA
MT385468,USA: CA
MT385469,USA: CA
MT385470,USA: CA
MT385471,USA: CA
MT385472,USA: CA
MT385473,USA: CA
MT385474,USA: CA
MT385475,USA: CA
MT385476,USA: CA
MT385477,USA: CA
MT385478,USA: CA
MT385479,USA: CA
MT385480,USA: CA
MT385481,USA: CA
MT385482,USA: CA
MT385483,USA: CA
MT385484,USA: CA
MT385485,USA: CA
MT385486,USA: CA
MT385487,USA: CA
MT385488,USA: CA
MT385489,USA: CA
MT385490,USA: CA
MT385491,USA: CA
MT385492,USA: CA
MT385493,USA: CA
MT385494,USA: CA
MT385495,USA: CA
MT385496,USA: CA
MT385497,USA: CA
MT186683,Hong Kong
MT252677,USA: WA
MT252678,USA: WA
MT252679,USA: WA
MT252680,USA: WA
MT252681,USA: WA
MT252682,USA: WA
MT252683,USA: WA
MT252684,USA: WA
MT252685,USA: WA
MT252686,USA: WA
MT252687,USA: WA
MT252688,USA: WA
MT252689,USA: WA
MT252690,USA: WA
MT252691,USA: WA
MT252692,USA: WA
MT252693,USA: WA
MT252694,USA: WA
MT252695,USA: WA
MT252696,USA: WA
MT252697,USA: WA
MT252698,USA: WA
MT252699,USA: WA
MT252700,USA: WA
MT252701,USA: WA
MT252702,USA: WA
MT252703,USA: WA
MT252704,USA: WA
MT252705,USA: WA
MT252706,USA: WA
MT252707,USA: WA
MT252708,USA: WA
MT252709,USA: WA
MT252710,USA: WA
MT252711,USA: WA
MT252712,USA: WA
MT252713,USA: WA
MT252715,USA: WA
MT252716,USA: WA
MT252717,USA: WA
MT252719,USA: WA
MT252721,USA: WA
MT252723,USA: WA
MT252725,USA: WA
MT252726,USA: WA
MT252728,USA: WA
MT252729,USA: WA
MT252730,USA: WA
MT252733,USA: WA
MT252734,USA: WA
MT252735,USA: WA
MT252736,USA: WA
MT252737,USA: WA
MT252738,USA: WA
MT252739,USA: WA
MT252740,USA: WA
MT252741,USA: WA
MT252742,USA: WA
MT252745,USA: WA
MT252746,USA: WA
MT252747,USA: WA
MT252748,USA: WA
MT252749,USA: WA
MT252756,USA: WA
MT252757,USA: WA
MT252758,USA: WA
MT252761,USA: WA
MT252763,USA: WA
MT252764,USA: WA
MT252765,USA: WA
MT252766,USA: WA
MT252767,USA: WA
MT252768,USA: WA
MT252769,USA: WA
MT252770,USA: WA
MT252771,USA: WA
MT252772,USA: WA
MT252773,USA: WA
MT252774,USA: WA
MT252775,USA: WA
MT252778,USA: WA
MT252779,USA: WA
MT252780,USA: WA
MT252781,USA: WA
MT252782,USA: WA
MT252783,USA: WA
MT252784,USA: WA
MT252785,USA: WA
MT252787,USA: WA
MT252788,USA: WA
MT252792,USA: WA
MT252793,USA: WA
MT252794,USA: WA
MT252795,USA: WA
MT252797,USA: WA
MT252798,USA: WA
MT252799,USA: WA
MT252800,USA: WA
MT252801,USA: WA
MT252802,USA: WA
MT252803,USA: WA
MT252804,USA: WA
MT252805,USA: WA
MT252806,USA: WA
MT252807,USA: WA
MT252808,USA: WA
MT252809,USA: WA
MT252810,USA: WA
MT252811,USA: WA
MT252821,USA: WA
MT252822,USA: WA
MT252823,USA: WA
MT252824,USA: WA
MT339043,USA: VA
MT365033,USA: New York
MT374101,Taiwan
MT374102,Taiwan
MT374103,Taiwan
MT374104,Taiwan
MT374105,Taiwan
MT374106,Taiwan
MT374107,Taiwan
MT374108,Taiwan
MT374109,Taiwan
MT374110,Taiwan
MT374111,Taiwan
MT374112,Taiwan
MT374113,Taiwan
MT374114,Taiwan
MT374115,Taiwan
MT374116,Taiwan
MT375428,USA: WA
MT375429,USA: ID
MT375430,USA: WA
MT375431,USA: ID
MT375432,USA: WA
MT375433,USA: WA
MT375434,USA: WA
MT375435,USA: WA
MT375436,USA: WA
MT375437,USA: WA
MT375438,USA: WA
MT375439,USA: ID
MT375440,USA: WA
MT375441,USA: WA
MT375442,USA: WA
MT375443,USA: WA
MT375444,USA: WA
MT375445,USA: WA
MT375446,USA: WA
MT375447,USA: WA
MT375448,USA: WA
MT375449,USA: WA
MT375450,USA: WA
MT375451,USA: WA
MT375452,USA: WA
MT375453,USA: WA
MT375454,USA: WA
MT375455,USA: WA
MT375456,USA: WA
MT375457,USA
MT375458,USA: WA
MT375459,USA: WA
MT375460,USA: WA
MT375461,USA: WA
MT375462,USA: WA
MT375463,USA: WA
MT375464,USA: WA
MT375465,USA: WA
MT375466,USA: WA
MT375467,USA: WA
MT375468,USA: WA
MT375469,USA: CT
MT375470,USA: CT
MT375471,USA: CT
MT375472,USA
MT375473,USA: WA
MT375474,USA: CT
MT375475,USA: WA
MT375476,USA: WA
MT375477,USA: WA
MT375478,USA: WA
MT375479,USA: WA
MT375480,USA: WA
MT375481,USA: WA
MT375482,USA: WA
MT375483,USA
MT370516,Taiwan
MT370517,Taiwan
MT370518,Taiwan
MT370831,USA: NY
MT370832,USA: NY
MT370833,USA: NY
MT370834,USA: NY
MT370835,USA: NY
MT370836,USA: NY
MT370837,USA: NY
MT370838,USA: NY
MT370839,USA: NY
MT370840,USA: NY
MT370841,USA: NY
MT370842,USA: NY
MT370843,USA: NY
MT370844,USA: NY
MT370845,USA: NY
MT370846,USA: NY
MT370847,USA: NY
MT370848,USA: NY
MT370849,USA: NY
MT370850,USA: NY
MT370851,USA: NY
MT370852,USA: NY
MT370853,USA: NY
MT370854,USA: NY
MT370855,USA: NY
MT370856,USA: NY
MT370857,USA: NY
MT370858,USA: NY
MT370859,USA: NY
MT370860,USA: NY
MT370861,USA: NY
MT370862,USA: NY
MT370863,USA: NY
MT370864,USA: NY
MT370865,USA: NY
MT370866,USA: NY
MT370867,USA: NY
MT370868,USA: NY
MT370869,USA: NY
MT370870,USA: NY
MT370871,USA: NY
MT370872,USA: NY
MT370873,USA: NY
MT370874,USA: NY
MT370875,USA: NY
MT370876,USA: NY
MT370877,USA: NY
MT370878,USA: NY
MT370879,USA: NY
MT370880,USA: NY
MT370881,USA: NY
MT370882,USA: NY
MT370883,USA: NY
MT370884,USA: NY
MT370885,USA: NY
MT370886,USA: NY
MT370887,USA: NY
MT370888,USA: NY
MT370889,USA: NY
MT370890,USA: NY
MT370891,USA: NY
MT370892,USA: NY
MT370893,USA: NY
MT370894,USA: NY
MT370895,USA: NY
MT370896,USA: NY
MT370897,USA: NY
MT370898,USA: NY
MT370899,USA: NY
MT370900,USA: NY
MT370901,USA: NY
MT370902,USA: NY
MT370903,USA: NY
MT370904,USA: NY
MT370905,USA: NY
MT370906,USA: NY
MT370907,USA: NY
MT370908,USA: NY
MT370909,USA: NY
MT370910,USA: NY
MT370911,USA: NY
MT370912,USA: NY
MT370913,USA: NY
MT370914,USA: NY
MT370915,USA: NY
MT370916,USA: NY
MT370917,USA: NY
MT370918,USA: NY
MT370919,USA: NY
MT370920,USA: NY
MT370921,USA: NY
MT370922,USA: NY
MT370923,USA: NY
MT370924,USA: NY
MT370925,USA: NY
MT370926,USA: NY
MT370927,USA: NY
MT370928,USA: NY
MT370929,USA: NY
MT370930,USA: NY
MT370931,USA: NY
MT370932,USA: NY
MT370933,USA: NJ
MT370934,USA: NY
MT370935,USA: NY
MT370936,USA: NY
MT370937,USA: NY
MT370938,USA: NY
MT370939,USA: NY
MT370940,USA: NY
MT370941,USA: NY
MT370942,USA: NY
MT370943,USA: NY
MT370944,USA: NY
MT370945,USA: NY
MT370946,USA: NY
MT370947,USA: NY
MT370948,USA: NY
MT370949,USA: NY
MT370950,USA: NY
MT370951,USA: NY
MT370952,USA: NY
MT370953,USA: NY
MT370954,USA: NY
MT370955,USA: NY
MT370956,USA: NY
MT370957,USA: NY
MT370958,USA: NY
MT370959,USA: NY
MT370960,USA: NY
MT370961,USA: NY
MT370962,USA: NY
MT370963,USA: NY
MT370964,USA: NY
MT370965,USA: NY
MT370966,USA: NY
MT370967,USA: NY
MT370968,USA: NY
MT370969,USA: NY
MT370970,USA: NY
MT370971,USA: NY
MT370972,USA: NY
MT370973,USA: NY
MT370974,USA: NY
MT370975,USA: NY
MT370976,USA: NY
MT370977,USA: NY
MT370978,USA: NY
MT370979,USA: NY
MT370980,USA: NY
MT370981,USA: NY
MT370982,USA: NY
MT370983,USA: NY
MT370984,USA: NY
MT370985,USA: NY
MT370986,USA: NY
MT370987,USA: NY
MT370988,USA: NY
MT370989,USA: NY
MT370990,USA: NY
MT370991,USA: NY
MT370992,USA: NY
MT370993,USA: NY
MT370994,USA: NY
MT370995,USA: NY
MT370996,USA: NY
MT370997,USA: NY
MT370998,USA: NY
MT370999,USA: NY
MT371000,USA: NY
MT371001,USA: NY
MT371002,USA: NY
MT371003,USA: NY
MT371004,USA: NY
MT371005,USA: NY
MT371006,USA: NY
MT371007,USA: NY
MT371008,USA: NY
MT371009,USA: NY
MT371010,USA: NY
MT371011,USA: NY
MT371012,USA: NY
MT371013,USA: NY
MT371014,USA: NY
MT371015,USA: NY
MT371016,USA: NY
MT371017,USA: NY
MT371018,USA: NY
MT371019,USA: NY
MT371020,USA: NY
MT371021,USA: NY
MT371022,USA: NY
MT371023,USA: NY
MT371024,USA: NY
MT371025,USA: NY
MT371026,USA: NY
MT371027,USA: NY
MT371028,USA: NY
MT371029,USA: NY
MT371030,USA: NY
MT371031,USA: NY
MT371032,USA: NY
MT371033,USA: NY
MT371034,USA: NY
MT371035,USA: NY
MT371036,USA: NY
MT371037,USA: NY
MT371038,USA: NY
MT371047,Sri Lanka
MT371048,Sri Lanka
MT371049,Sri Lanka
MT371050,Sri Lanka
MT371568,Czech Republic
MT371569,Czech Republic
MT371570,Czech Republic
MT371571,Czech Republic
MT371572,Czech Republic
MT371573,Czech Republic
MT371574,Czech Republic
MT372480,Malaysia
MT372481,Malaysia
MT372482,Malaysia
MT372483,Malaysia
LC542976,Japan
LC542809,Japan
MT114412,Hong Kong
MT114413,Hong Kong
MT114414,Hong Kong
MT114415,Hong Kong
MT114416,Hong Kong
MT114417,Hong Kong
MT114418,Hong Kong
MT114419,Hong Kong
MT230904,Hong Kong
MT358401,USA: New Orleans
MT358402,USA: New Orleans
MT358637,India: Rajkot
MT358644,USA: WA
MT358645,USA: WA
MT358646,USA: WA
MT358647,USA: WA
MT358648,USA: WA
MT358649,USA: WA
MT358650,USA: WA
MT358651,USA: CT
MT358652,USA: ID
MT358653,USA: CT
MT358654,USA: CT
MT358655,USA: ID
MT358656,USA: WA
MT358657,USA: WA
MT358658,USA: WA
MT358659,USA: WA
MT358660,USA: WA
MT358661,USA: OR
MT358662,USA: WA
MT358663,USA: WA
MT358664,USA: WA
MT358665,USA: WA
MT358666,USA: WA
MT358667,USA: WA
MT358668,USA: WA
MT358669,USA: WA
MT358670,USA: WA
MT358671,USA: WA
MT358672,USA: WA
MT358673,USA: CT
MT358674,USA: WA
MT358675,USA: WA
MT358676,USA: WA
MT358677,USA: WA
MT358678,USA: WA
MT358679,USA: WA
MT358680,USA: WA
MT358681,USA: WA
MT358682,USA: WA
MT358683,USA: WA
MT358684,USA: WA
MT358685,USA: WA
MT358686,USA: WA
MT358687,USA: WA
MT358688,USA: WA
MT358689,USA: WA
MT358690,USA: WA
MT358691,USA: WA
MT358692,USA: WA
MT358693,USA: CT
MT358694,USA: WA
MT358695,USA: WA
MT358696,USA: WA
MT358697,USA: WA
MT358698,USA: WA
MT358699,USA: WA
MT358700,USA: WA
MT358701,USA: WA
MT358702,USA: WA
MT358703,USA: ID
MT358704,USA: ID
MT358705,USA: ID
MT358706,USA: WA
MT358707,USA: WA
MT358708,USA: WA
MT358709,USA: ID
MT358710,USA: WA
MT358711,USA: WA
MT358712,USA: WA
MT358713,USA: WA
MT358714,USA: WA
MT358715,USA: WA
MT358716,USA: WA
MT358717,USA: WA
MT358718,USA: WA
MT358719,USA: WA
MT358720,USA: WA
MT358721,USA: WA
MT358722,USA: WA
MT358723,USA: WA
MT358724,USA: WA
MT358725,USA: WA
MT358726,USA: WA
MT358727,USA: WA
MT358728,USA: WA
MT358729,USA: WA
MT358730,USA: WA
MT358731,USA: WA
MT358732,USA: WA
MT358733,USA: WA
MT358734,USA: WA
MT358735,USA: WA
MT358736,USA: WA
MT358737,USA: WA
MT358738,USA: WA
MT358739,USA: WA
MT358740,USA: WA
MT358741,USA: WA
MT358742,USA: WA
MT358743,USA: WA
MT358744,USA: WA
MT358745,USA: ID
MT358746,USA: WA
MT358747,USA: WA
MT358748,USA: WA
MT359865,Spain
MT359866,Spain
MT350236,USA: VA
MT350237,USA: VA
MT350238,USA: VA
MT350239,USA: VA
MT350240,USA: VA
MT350241,USA: VA
MT350242,USA: VA
MT350243,USA: VA
MT350244,USA: VA
MT350245,USA: VA
MT350246,USA: VA
MT350247,USA: VA
MT350248,USA: VA
MT350249,USA: VA
MT350250,USA: VA
MT350251,USA: VA
MT350252,USA: VA
MT350253,USA: VA
MT350254,USA: VA
MT350255,USA: VA
MT350256,USA: VA
MT350257,USA: VA
MT350263,USA: WA
MT350264,USA: WA
MT350265,USA: WA
MT350266,USA: WA
MT350267,USA: WA
MT350268,USA: WA
MT350269,USA: WA
MT350270,USA: WA
MT350271,USA: WA
MT350272,USA: WA
MT350273,USA: WA
MT350274,USA: WA
MT350275,USA: WA
MT350276,USA: WA
MT350277,USA: WA
MT350278,USA: WA
MT350279,USA: WA
MT350280,USA: WA
MT350282,Brazil
MT344944,USA: CT
MT344945,USA: GA
MT344946,USA: GA
MT344947,USA: GA
MT344948,USA: HI
MT344949,USA: HI
MT344950,USA: IN
MT344951,USA: IN
MT344952,USA: IN
MT344953,USA: MD
MT344954,USA: MN
MT344955,USA: OH
MT344956,USA: OH
MT344957,USA: PA
MT344958,USA: PA
MT344959,USA: PA
MT344960,USA: RI
MT344961,USA: NV
MT344962,USA: MN
MT344963,USA: NC
MT345798,USA: WA
MT345799,USA: WA
MT345800,USA: WA
MT345801,USA: WA
MT345802,USA
MT345803,USA: ID
MT345804,USA: WA
MT345805,USA: WA
MT345806,USA: WA
MT345807,USA: WA
MT345808,USA: WA
MT345809,USA: WA
MT345810,USA: WA
MT345811,USA: WA
MT345812,USA: WA
MT345813,USA: WA
MT345814,USA: WA
MT345815,USA: WA
MT345816,USA
MT345817,USA: ID
MT345818,USA: WA
MT345819,USA: WA
MT345820,USA: WA
MT345821,USA: WA
MT345822,USA: WA
MT345823,USA: WA
MT345824,USA: WA
MT345825,USA: WA
MT345826,USA: WA
MT345827,USA: WA
MT345828,USA: ID
MT345829,USA: WA
MT345830,USA: WA
MT345831,USA: ID
MT345832,USA: WA
MT345833,USA: WA
MT345834,USA: WA
MT345835,USA: WA
MT345836,USA: WA
MT345837,USA: WA
MT345838,USA: WA
MT345839,USA: WA
MT345840,USA: WA
MT345841,USA: WA
MT345842,USA: WA
MT345843,USA: WA
MT345844,USA: WA
MT345845,USA: WA
MT345846,USA: WA
MT345847,USA: WA
MT345848,USA: WA
MT345849,USA: WA
MT345850,USA: WA
MT345851,USA: WA
MT345852,USA: WA
MT345853,USA: WA
MT345854,USA: WA
MT345855,USA: WA
MT345856,USA: WA
MT345857,USA: ID
MT345858,USA: ID
MT345859,USA: WA
MT345860,USA: WA
MT345861,USA: WA
MT345862,USA: WA
MT345863,USA: ID
MT345864,USA: ID
MT345865,USA: WA
MT345866,USA: ID
MT345867,USA: WA
MT345868,USA: CT
MT345869,USA: CT
MT345870,USA: CT
MT345871,USA: ID
MT345872,USA: ID
MT345873,USA: CT
MT345874,USA: CT
MT345875,USA: ID
MT345876,USA: ID
MT345877,USA: ID
MT345878,USA: OR
MT345879,USA: ID
MT345880,USA: ID
MT345881,USA: WA
MT345882,USA: WA
MT345883,USA: WA
MT345884,USA: ID
MT345885,USA: ID
MT345886,USA: ID
MT345887,USA: ID
MT345888,USA: ID
MT339039,USA: Maricopa County
MT339040,USA: Maricopa County
MT339041,USA: Maricopa County
MT334522,USA: UT
MT334523,USA: UT
MT334524,USA: UT
MT334525,USA: UT
MT334526,USA: UT
MT334527,USA: UT
MT334528,USA: UT
MT334529,USA: UT
MT334530,USA: UT
MT334531,USA: UT
MT334532,USA: UT
MT334533,USA: UT
MT334534,USA: UT
MT334535,USA: UT
MT334536,USA: UT
MT334537,USA: UT
MT334538,USA: UT
MT334539,USA: UT
MT334540,USA: UT
MT334541,USA: UT
MT334542,USA: UT
MT334543,USA: UT
MT334544,USA: UT
MT334545,USA: UT
MT334546,USA: UT
MT334547,USA: UT
MT334548,USA: UT
MT334549,USA: UT
MT334550,USA: UT
MT334551,USA: UT
MT334552,USA: UT
MT334553,USA: UT
MT334554,USA: UT
MT334555,USA: UT
MT334556,USA: UT
MT334557,USA: UT
MT334558,USA: UT
MT334559,USA: UT
MT334560,USA: UT
MT334561,USA: UT
MT334562,USA: UT
MT334563,USA: UT
MT334564,USA: UT
MT334565,USA: UT
MT334566,USA: UT
MT334567,USA: UT
MT334568,USA: UT
MT334569,USA: UT
MT334570,USA: UT
MT334571,USA: UT
MT334572,USA: UT
MT334573,USA: UT
MT324062,South Africa: KwaZulu-Natal
MT324684,USA
MT325561,USA: AZ
MT325562,USA: AZ
MT325563,USA: DC
MT325564,USA: FL
MT325565,USA: FL
MT325566,USA: FL
MT325567,USA: FL
MT325568,USA: FL
MT325569,USA: GA
MT325570,USA: GA
MT325571,USA: GA
MT325572,USA: GA
MT325573,USA: GA
MT325574,USA: GA
MT325575,USA: GA
MT325576,USA: IA
MT325577,USA: IL
MT325578,USA: IL
MT325579,USA: IN
MT325580,USA: KS
MT325581,USA: LA
MT325582,USA: MA
MT325583,USA: MA
MT325584,USA: MA
MT325585,USA: MA
MT325586,USA: MA
MT325587,USA: MD
MT325588,USA: MO
MT325589,USA: NC
MT325590,USA: NC
MT325591,USA: NC
MT325592,USA: NE
MT325593,USA: NE
MT325594,USA: NH
MT325595,USA: NH
MT325596,USA: NJ
MT325597,USA: NV
MT325598,USA: OH
MT325599,USA: PA
MT325600,USA: PA
MT325601,USA: PA
MT325602,USA: PA
MT325603,USA: PA
MT325604,USA: PA
MT325605,USA: RI
MT325606,USA: SC
MT325607,USA: SC
MT325608,USA: SC
MT325609,USA: UT
MT325610,USA: UT
MT325611,USA: VA
MT325612,USA: VA
MT325613,USA: VA
MT325614,USA: VA
MT325615,USA: IA
MT325616,USA: MA
MT325617,USA: IA
MT325618,USA: IA
MT325619,USA: IA
MT325620,USA: IA
MT325621,USA: IA
MT325622,USA: NJ
MT325623,USA: SC
MT325624,USA: SC
MT325625,USA: SC
MT325626,USA: SC
MT325627,USA: NY
MT325628,USA: VA
MT325629,USA: MA
MT325630,USA: MA
MT325631,USA: MA
MT325632,USA: MA
MT325633,USA: MA
MT325634,USA: MA
MT325635,USA: MA
MT325636,USA: MA
MT325637,USA: MA
MT325638,USA: MA
MT325639,USA: MA
MT325640,USA: MA
MT326023,USA
MT326024,USA
MT326025,USA
MT326026,USA
MT326027,USA
MT326028,USA
MT326029,USA
MT326030,USA
MT326031,USA
MT326032,USA
MT326033,USA
MT326034,USA
MT326035,USA
MT326036,USA
MT326037,USA
MT326038,USA
MT326039,USA
MT326040,USA
MT326041,USA
MT326042,USA
MT326043,USA
MT326044,USA
MT326045,USA
MT326046,USA
MT326047,USA
MT326048,USA
MT326049,USA
MT326050,USA
MT326051,USA
MT326052,USA
MT326053,USA
MT326054,USA
MT326055,USA
MT326056,USA
MT326057,USA
MT326058,USA
MT326059,USA
MT326060,USA
MT326061,USA
MT326062,USA
MT326063,USA
MT326064,USA
MT326065,USA
MT326066,USA
MT326067,USA
MT326068,USA
MT326069,USA
MT326070,USA
MT326071,USA
MT326072,USA
MT326073,USA
MT326074,USA
MT326075,USA
MT326076,USA
MT326077,USA
MT326078,USA
MT326079,USA
MT326080,USA
MT326081,USA
MT326082,USA
MT326083,USA
MT326084,USA
MT326085,USA
MT326086,USA
MT326087,USA
MT326088,USA
MT326089,USA
MT326090,USA
MT326091,USA
MT326092,USA
MT326093,USA
MT326094,USA
MT326095,USA
MT326096,USA
MT326097,USA
MT326098,USA
MT326099,USA
MT326100,USA
MT326101,USA
MT326102,USA
MT326103,USA
MT326104,USA
MT326105,USA
MT326106,USA
MT326107,USA
MT326108,USA
MT326109,USA
MT326110,USA
MT326111,USA
MT326112,USA
MT326113,USA
MT326114,USA
MT326115,USA
MT326116,USA
MT326117,USA
MT326118,USA
MT326119,USA
MT326120,USA
MT326121,USA
MT326122,USA
MT326123,USA
MT326124,USA
MT326125,USA
MT326126,USA
MT326127,USA
MT326128,USA
MT326129,USA
MT326130,USA
MT326131,USA
MT326132,USA
MT326133,USA
MT326134,USA
MT326135,USA
MT326136,USA
MT326137,USA
MT326138,USA
MT326139,USA
MT326140,USA
MT326141,USA
MT326142,USA
MT326143,USA
MT326144,USA
MT326145,USA
MT326146,USA
MT326147,USA
MT326148,USA
MT326149,USA
MT326150,USA
MT326151,USA
MT326152,USA
MT326153,USA
MT326154,USA
MT326155,USA
MT326156,USA
MT326157,USA
MT326158,USA
MT326159,USA
MT326160,USA
MT326161,USA
MT326162,USA
MT326163,USA
MT326164,USA
MT326165,USA
MT326166,USA
MT326167,USA
MT326168,USA
MT326169,USA
MT326170,USA
MT326171,USA
MT326172,USA
MT326173,USA
MT326174,USA
MT326175,USA
MT326176,USA
MT326177,USA
MT326178,USA
MT326179,USA
MT326180,USA
MT326181,USA
MT326182,USA
MT326183,USA
MT326184,USA
MT326185,USA
MT326186,USA
MT326187,USA
MT326188,USA
MT326189,USA
MT326190,USA
MT326191,USA
MT327745,Turkey
MT328032,Greece
MT328033,Greece
MT328034,Greece
MT328035,Greece
MT039874,China
MT077125,Italy
MT322394,USA: VA
MT322395,USA: VA
MT322396,USA: VA
MT322397,USA: VA
MT322398,USA: VA
MT322399,USA: VA
MT322400,USA: VA
MT322401,USA: VA
MT322402,USA: VA
MT322403,USA: VA
MT322404,USA: VA
MT322405,USA: VA
MT322406,USA: VA
MT322407,USA: VA
MT322408,USA: VA
MT322409,USA: VA
MT322410,USA: VA
MT322411,USA: VA
MT322412,USA: VA
MT322413,USA: VA
MT322414,USA: VA
MT322415,USA: VA
MT322416,USA: VA
MT322417,USA: VA
MT322418,USA: VA
MT322419,USA: VA
MT322420,USA: VA
MT322421,USA: VA
MT322422,USA: VA
MT322423,USA: VA
MT322424,USA: VA
MT320538,France
MT320891,Iran
MT308692,USA: MI
MT308693,USA: MI
MT308694,USA: MI
MT308695,USA: MI
MT308696,USA: MI
MT308697,USA: MI
MT308698,USA: MI
MT308699,USA: MI
MT308700,USA: MI
MT308702,USA: NC
MT308703,USA: NC
MT308704,USA: NC
MT300186,USA: North Carolina
MT304474,South Korea
MT304475,South Korea
MT304476,South Korea
MT304477,USA: AZ
MT304478,USA: FL
MT304479,USA: GA
MT304480,USA: GA
MT304481,USA: GA
MT304482,USA: IL
MT304483,USA: IL
MT304484,USA: NH
MT304485,USA: NH
MT304486,USA: NY
MT304487,USA: OR
MT304488,USA: RI
MT304489,USA: TX
MT304490,USA: TX
MT304491,USA: TX
MT281530,Iran
MT281577,China: Anhui
MT291826,China: Wuhan
MT291827,China: Wuhan
MT291828,China: Wuhan
MT291829,China: Wuhan
MT291830,China: Wuhan
MT291831,China: Beijing
MT291832,China: Beijing
MT291833,China: Beijing
MT291834,China: Beijing
MT291835,China: Beijing
MT291836,China: Beijing
MT292569,Spain
MT292570,Spain
MT292571,Spain
MT292572,Spain
MT292573,Spain
MT292574,Spain
MT292575,Spain
MT292576,Spain
MT292577,Spain
MT292578,Spain
MT292579,Spain
MT292580,Spain
MT292581,Spain
MT292582,Spain
MT293156,USA: WA
MT293157,USA: WA
MT293158,USA: WA
MT293159,USA: WA
MT293160,USA: WA
MT293161,USA: WA
MT293162,USA: WA
MT293163,USA: WA
MT293164,USA: WA
MT293165,USA: WA
MT293166,USA: WA
MT293167,USA: WA
MT293168,USA: WA
MT293169,USA: WA
MT293170,USA: WA
MT293171,USA: WA
MT293172,USA: WA
MT293173,USA: WA
MT293174,USA: WA
MT293175,USA: WA
MT293176,USA: WA
MT293177,USA
MT293178,USA: WA
MT293179,USA: WA
MT293180,USA: WA
MT293181,USA: WA
MT293182,USA: WA
MT293183,USA: WA
MT293184,USA: WA
MT293185,USA: WA
MT293186,USA: WA
MT293187,USA: WA
MT293188,USA: WA
MT293189,USA: WA
MT293190,USA: WA
MT293191,USA: WA
MT293192,USA: WA
MT293193,USA: WA
MT293194,USA: WA
MT293195,USA: WA
MT293196,USA: WA
MT293197,USA: WA
MT293198,USA: WA
MT293199,USA: WA
MT293200,USA: WA
MT293201,USA: WA
MT293202,USA: WA
MT293203,USA: WA
MT293204,USA: WA
MT293205,USA: WA
MT293206,USA: WA
MT293207,USA: WA
MT293208,USA: WA
MT293209,USA: WA
MT293210,USA: WA
MT293211,USA: WA
MT293212,USA: WA
MT293213,USA: WA
MT293214,USA: WA
MT293215,USA: WA
MT293216,USA: WA
MT293217,USA: WA
MT293218,USA: WA
MT293219,USA: WA
MT293220,USA: WA
MT293221,USA: WA
MT293222,USA: WA
MT293223,USA: WA
MT293224,USA: WA
MT293225,USA: WA
MT295464,USA
MT295465,USA
MT276323,USA: RI
MT276324,USA: CA
MT276325,USA: WA
MT276326,USA: GA
MT276327,USA: GA
MT276328,USA: OR
MT276329,USA: FL
MT276330,USA: FL
MT276597,Israel
MT276598,Israel
MT262896,USA: WA
MT262897,USA: WA
MT262898,USA: WA
MT262899,USA: WA
MT262900,USA: WA
MT262901,USA: WA
MT262902,USA: WA
MT262903,USA: WA
MT262904,USA: WA
MT262905,USA: WA
MT262906,USA: WA
MT262907,USA: WA
MT262908,USA: WA
MT262909,USA: WA
MT262910,USA: WA
MT262911,USA: WA
MT262912,USA: WA
MT262913,USA: WA
MT262914,USA: WA
MT262915,USA: WA
MT262916,USA: WA
MT262993,Pakistan: KPK
MT263074,Peru
MT263381,USA: WA
MT263382,USA: WA
MT263383,USA: WA
MT263384,USA: WA
MT263385,USA: WA
MT263386,USA: CT
MT263387,USA: WA
MT263388,USA: WA
MT263389,USA: WA
MT263390,USA: WA
MT263391,USA: WA
MT263392,USA: WA
MT263393,USA: WA
MT263394,USA: WA
MT263395,USA: WA
MT263396,USA: WA
MT263397,USA: WA
MT263398,USA: WA
MT263399,USA: WA
MT263400,USA: WA
MT263401,USA: WA
MT263402,USA: WA
MT263403,USA: WA
MT263404,USA: WA
MT263405,USA: WA
MT263406,USA: MN
MT263407,USA: CT
MT263408,USA: WA
MT263409,USA: WA
MT263410,USA: WA
MT263411,USA: CT
MT263412,USA: WA
MT263413,USA: WA
MT263414,USA: WA
MT263415,USA: MN
MT263416,USA: WA
MT263417,USA: WA
MT263418,USA: WA
MT263419,USA: WA
MT263420,USA: WA
MT263421,USA: WA
MT263422,USA: WA
MT263423,USA: WA
MT263424,USA: WA
MT263425,USA: WA
MT263426,USA: WA
MT263427,USA: WA
MT263428,USA: IL
MT263429,USA: IL
MT263430,USA: WA
MT263431,USA: WA
MT263432,USA: WA
MT263433,USA: IL
MT263434,USA: WA
MT263435,USA: WA
MT263436,USA: WA
MT263437,USA: WA
MT263438,USA
MT263439,USA: WA
MT263440,USA: WA
MT263441,USA: WA
MT263442,USA: WA
MT263443,USA: WA
MT263444,USA: WA
MT263445,USA: WA
MT263446,USA: WA
MT263447,USA: WA
MT263448,USA: WA
MT263449,USA: WA
MT263450,USA: WA
MT263451,USA: WA
MT263452,USA: WA
MT263453,USA: WA
MT263454,USA: WA
MT263455,USA: WA
MT263456,USA: WA
MT263457,USA: WA
MT263458,USA: WA
MT263459,USA: WA
MT263460,USA: IL
MT263461,USA: WA
MT263462,USA: WA
MT263463,USA: CT
MT263464,USA: WA
MT263465,USA: WA
MT263466,USA: WA
MT263467,USA: WA
MT263468,USA: WA
MT263469,USA: WA
MT256917,Spain: Valencia
MT256918,Spain: Valencia
MT256924,Colombia: Antioquia
MT258377,USA: San Francisco
MT258378,USA: San Francisco
MT258379,USA: San Francisco
MT258380,USA: San Francisco
MT258381,USA: San Francisco
MT258382,USA: San Francisco
MT258383,USA: San Francisco
MT259226,China: Hubei
MT259227,China: Hubei
MT259228,China: Hubei
MT259229,China: Hubei
MT259230,China: Hubei
MT259231,China: Hubei
MT259235,USA: WA
MT259236,USA: WA
MT259237,USA: WA
MT259238,USA: WA
MT259239,USA: WA
MT259240,USA: WA
MT259241,USA: WA
MT259242,USA: CT
MT259243,USA: WA
MT259244,USA: WA
MT259245,USA: WA
MT259246,USA: WA
MT259247,USA: WA
MT259248,USA: CT
MT259249,USA: WA
MT259250,USA: WA
MT259251,USA: WA
MT259252,USA: WA
MT259253,USA: WA
MT259254,USA: WA
MT259255,USA: WA
MT259256,USA: WA
MT259257,USA: WA
MT259258,USA: MN
MT259259,USA: WA
MT259260,USA: WA
MT259261,USA: WA
MT259262,USA: WA
MT259263,USA: WA
MT259264,USA: WA
MT259265,USA: WA
MT259266,USA: WA
MT259267,USA: WA
MT259268,USA: WA
MT259269,USA: WA
MT259270,USA: WA
MT259271,USA: WA
MT259272,USA: WA
MT259273,USA: WA
MT259274,USA: WA
MT259275,USA: WA
MT259276,USA: WA
MT259277,USA: WA
MT259278,USA: WA
MT259279,USA: WA
MT259280,USA: WA
MT259281,USA: WA
MT259282,USA: WA
MT259283,USA: WA
MT259284,USA: WA
MT259285,USA: WA
MT259286,USA: WA
MT259287,USA: WA
LC534418,Japan
LC534419,Japan
MT251972,USA: WA
MT251973,USA: WA
MT251974,USA: CT
MT251975,USA: WA
MT251976,USA: WA
MT251977,USA: WA
MT251978,USA: WA
MT251979,USA: WA
MT251980,USA: WA
MT253696,China: Zhejiang
MT253697,China: Zhejiang
MT253698,China: Zhejiang
MT253699,China: Zhejiang
MT253700,China: Zhejiang
MT253701,China: Zhejiang
MT253702,China: Zhejiang
MT253703,China: Zhejiang
MT253704,China: Zhejiang
MT253705,China: Zhejiang
MT253706,China: Zhejiang
MT253707,China: Zhejiang
MT253708,China: Zhejiang
MT253709,China: Zhejiang
MT253710,China: Zhejiang
MT233526,USA: WA
MT246449,USA: WA
MT246450,USA: WA
MT246451,USA: WA
MT246452,USA: WA
MT246453,USA: WA
MT246454,USA: WA
MT246455,USA: WA
MT246456,USA: WA
MT246457,USA: WA
MT246458,USA: WA
MT246459,USA: WA
MT246460,USA: WA
MT246461,USA: WA
MT246462,USA: WA
MT246463,USA: WA
MT246464,USA: WA
MT246465,USA: WA
MT246466,USA: WA
MT246467,USA: WA
MT246468,USA: WA
MT246469,USA: WA
MT246470,USA: WA
MT246471,USA: WA
MT246472,USA: WA
MT246473,USA: WA
MT246474,USA: WA
MT246475,USA: WA
MT246476,USA: WA
MT246477,USA: WA
MT246478,USA: WA
MT246479,USA: WA
MT246480,USA: WA
MT246481,USA: WA
MT246482,USA: WA
MT246483,USA: WA
MT246484,USA: WA
MT246485,USA: WA
MT246486,USA: WA
MT246487,USA: WA
MT246488,USA: WA
MT246489,USA: WA
MT246490,USA: WA
MT246667,USA: WA
MT240479,Pakistan: Gilgit
MT233519,Spain: Valencia
MT233520,Spain: Valencia
MT233521,Spain: Valencia
MT233522,Spain: Valencia
MT233523,Spain: Valencia
MT226610,China
MT198651,Spain: Valencia
MT198652,Spain: Valencia
MT198653,Spain: Valencia
MT192759,Taiwan
MT192765,USA: CA
MT192772,Viet Nam: Ho Chi Minh city
MT192773,Viet Nam: Ho Chi Minh city
MT188339,USA: MN
MT188340,USA: MN
MT188341,USA: MN
MT184907,USA
MT184908,USA
MT184909,USA
MT184910,USA
MT184911,USA
MT184912,USA
MT184913,USA
MT163716,USA: WA
MT163717,USA: WA
MT163718,USA: WA
MT163719,USA: WA
MT163720,USA: WA
MT163721,USA: WA
MT066156,Italy
MT121215,China: Shanghai
MT159705,USA
MT159706,USA
MT159707,USA
MT159708,USA
MT159709,USA
MT159710,USA
MT159711,USA
MT159712,USA
MT159713,USA
MT159714,USA
MT159715,USA
MT159716,USA
MT159717,USA
MT159718,USA
MT159719,USA
MT159720,USA
MT159721,USA
MT159722,USA
LC529905,Japan
MT012098,India: Kerala State
MT050493,India: Kerala State
MT152824,USA: Snohomish County
MT135041,China: Beijing
MT135042,China: Beijing
MT135043,China: Beijing
MT135044,China: Beijing
MT126808,Brazil
LC528232,
LC528233,
MT123290,China: Guangdong
MT123291,China: Guangzhou
MT123292,China: Guangzhou
MT123293,China: Guangzhou
MT118835,USA: CA
MT106052,USA: CA
MT106053,USA: CA
MT106054,USA: TX
MT093571,Sweden
MT093631,China
MT072688,Nepal
MT066175,Taiwan
MT066176,Taiwan
MT044257,USA: IL
MT044258,USA: CA
MT049951,China: Yunnan
MT039873,China: Hangzhou
MT039887,USA: WI
MT039888,USA: MA
MT039890,South Korea
MT027062,USA: CA
MT027063,USA: CA
MT027064,USA: CA
MT019529,China: Hubei
MT019530,China: Hubei
MT019531,China: Hubei
MT019532,China: Hubei
MT019533,China: Hubei
MT020781,Finland
MT020880,USA: WA
MT020881,USA: WA
LR757995,China:Wuhan
LR757996,China:Wuhan
LR757997,China:Wuhan
LR757998,China:Wuhan
MT007544,Australia: Victoria
MN996527,China: Wuhan
MN996528,China: Wuhan
MN996529,China: Wuhan
MN996530,China: Wuhan
MN996531,China: Wuhan
MN988668,China
MN988669,China
MN994467,USA: CA
MN994468,USA: CA
MN997409,USA: AZ
MN988713,USA: Illinois
MN938384,China: Shenzhen
MN975262,China
MN985325,USA
MN908947,China
